"Date","Montant EUR","Description","N°/Type","Mémo","Compte","Catégorie","Pointé","Labels"
"31/12/2014","-200.00","DAB BIAT DU 24.12.14","halloula","","> Dépenses> Avances","> Actifs> Comptes chèques> Amen","NON",""
"31/12/2014","-19.79","ACHAT DU","","","> Dépenses> Logement> Cotisations","> Actifs> Comptes chèques> Amen","NON",""
"31/12/2014","-11.80","FRAIS TENUE COMPTE AU 31/12/2014","","","> Dépenses> Banque> AGIOS","> Actifs> Comptes chèques> Amen","NON",""
"31/12/2014","-5.05","ACHAT DU","","","> Dépenses> Logement> Cotisations","> Actifs> Comptes chèques> Amen","NON",""
"31/12/2014","-1.36","CION DAB 24.12.14","","","> Dépenses> Banque> Frais banquaires","> Actifs> Comptes chèques> Amen","NON",""
"31/12/2014","-0.24","TVA DAB 24.12.14","","","> Dépenses> Banque> Frais banquaires","> Actifs> Comptes chèques> Amen","NON",""
"30/12/2014","-50.00","RCACS  082  DU  30/12/2014","","","> Actifs> Porte-monnaie","> Actifs> Comptes chèques> Amen","NON",""
"29/12/2014","-479.46","INT/ CREDIT LONG TERME HABITAT DU 27/12/2","","","> Crédits> Appartement","> Actifs> Comptes chèques> Amen","NON",""
"29/12/2014","-306.03","REGLEMENT  EFFET  AU : 27122014","","0","> Crédits> Appartement","> Actifs> Comptes chèques> Amen","NON",""
"29/12/2014","-5.00","RECH TN USSD 29122014 058141226609","","3041402","> Dépenses> Quotidien> Communications> Portable","> Actifs> Comptes chèques> Amen","NON",""
"29/12/2014","-2.95","CION/REGLEMENT EFFET","","0","> Dépenses> Banque> Frais banquaires","> Actifs> Comptes chèques> Amen","NON",""
"29/12/2014","-1.42","CION/VIRT RECU","","0","> Dépenses> Banque> Frais banquaires","> Actifs> Comptes chèques> Amen","NON",""
"29/12/2014","1624.73","VIR O/ST MICRO ELECTRONICS S.A","","0","> Revenus> Salaires","> Actifs> Comptes chèques> Amen","NON",""
"26/12/2014","-60.00","SHELL MENZAH 9","","","> Dépenses> Auto> Essence","> Actifs> Comptes chèques> Amen","NON",""
"26/12/2014","-4.00","CION  AMENNET P1 12/14","","","> Dépenses> Banque> Frais banquaires","> Actifs> Comptes chèques> Amen","NON",""
"26/12/2014","-0.72","TVA SUR AMENNET P1 12/14","","","> Dépenses> Banque> Frais banquaires","> Actifs> Comptes chèques> Amen","NON",""
"23/12/2014","-79.90","TUNSTORE OYSHO","robe de chambre mooon","","> Dépenses> Achats & Shopping> Cadeaux> Famille","> Actifs> Comptes chèques> Amen","NON",""
"23/12/2014","-14.76","GEANT TUNIS CITY","","","> Dépenses> Logement> Cotisations","> Actifs> Comptes chèques> Amen","NON",""
"22/12/2014","-50.00","DAB CACS AB","","082","> Actifs> Porte-monnaie","> Actifs> Comptes chèques> Amen","NON",""
"22/12/2014","-45.00","THE CHILD EL MENZAH VI","halloula","","> Dépenses> Avances","> Actifs> Comptes chèques> Amen","NON",""
"22/12/2014","-40.00","CHQ 6937383 FAV MR GARGOURI OUSSAMA","parabole","6937383","> Actifs> Maison> travaux","> Actifs> Comptes chèques> Amen","NON","mains d'oeuvres"
"19/12/2014","-50.00","DAB CACS AUTRE BQ","","","> Actifs> Porte-monnaie","> Actifs> Comptes chèques> Amen","NON",""
"19/12/2014","-23.54","MONOPRIX EL MANAR","","","> Dépenses> Logement> Cotisations","> Actifs> Comptes chèques> Amen","NON",""
"19/12/2014","-0.98","CION/RET DAB","","","> Dépenses> Banque> Frais banquaires","> Actifs> Comptes chèques> Amen","NON",""
"19/12/2014","-0.18","TVA/CION RET DAB","","","> Dépenses> Banque> Frais banquaires","> Actifs> Comptes chèques> Amen","NON",""
"15/12/2014","-103.84","MABROUK DIFFUS TN CITY","robe de chambre","","> Dépenses> Achats & Shopping> Cadeaux> Moi","> Actifs> Comptes chèques> Amen","NON",""
"15/12/2014","-20.00","STE HAMTEL","","","> Dépenses> Quotidien> Communications> Portable","> Actifs> Comptes chèques> Amen","NON",""
"12/12/2014","-63.00","CHQ 6937384 FAV STE FIRAS PETROLE","","6937384","> Dépenses> Auto> Essence","> Actifs> Comptes chèques> Amen","NON",""
"09/12/2014","-50.00","DAB CACS AB","","082","> Actifs> Porte-monnaie","> Actifs> Comptes chèques> Amen","NON",""
"08/12/2014","-106.91","CARREFOUR TUNIS","","","> Dépenses> Logement> Cotisations","> Actifs> Comptes chèques> Amen","NON",""
"08/12/2014","-34.84","PHARMACIE M HAMED","","","> Dépenses> Logement> Cotisations","> Actifs> Comptes chèques> Amen","NON",""
"08/12/2014","-11.95","MONOPRIX EL MANAR","","","> Dépenses> Logement> Cotisations","> Actifs> Comptes chèques> Amen","NON",""
"08/12/2014","-4.13","MONOPRIX EL MANAR","","","> Dépenses> Logement> Cotisations","> Actifs> Comptes chèques> Amen","NON",""
"02/12/2014","-73.16","GEANT TUNIS CITY","","","> Dépenses> Logement> Cotisations","> Actifs> Comptes chèques> Amen","NON",""
"01/12/2014","-135.00","HOTEL MOVENPICK       SOUSSE","","","> Dépenses> Loisirs> Restaurant","> Actifs> Comptes chèques> Amen","NON",""
"01/12/2014","-62.10","KIOSQUE AGIL BOURKHIS H.SOUSSE","","","> Dépenses> Auto> Essence","> Actifs> Comptes chèques> Amen","NON",""
"01/12/2014","-22.80","STE ALLIANCE DIFFUSION","zen home","","> Dépenses> Logement> Cotisations","> Actifs> Comptes chèques> Amen","NON",""
"01/12/2014","-22.15","MONOPRIX EL MANAR","","","> Dépenses> Logement> Cotisations","> Actifs> Comptes chèques> Amen","NON",""
"01/12/2014","-21.02","CHQ 6937381 FAV SNMVT.MONOPRIX MANAR.","","6937381","> Dépenses> Logement> Cotisations","> Actifs> Comptes chèques> Amen","NON",""
"27/11/2014","-497.14","INT/ CREDIT LONG TERME HABITAT DU 27/11/2","","","> Crédits> Appartement","> Actifs> Comptes chèques> Amen","NON",""
"27/11/2014","-288.73","REGLEMENT  EFFET  AU : 27112014","","0","> Crédits> Appartement","> Actifs> Comptes chèques> Amen","NON",""
"27/11/2014","-50.00","DAB CACS AB","","082","> Actifs> Porte-monnaie","> Actifs> Comptes chèques> Amen","NON",""
"27/11/2014","-2.95","CION/REGLEMENT EFFET","","0","> Dépenses> Banque> Frais banquaires","> Actifs> Comptes chèques> Amen","NON",""
"26/11/2014","-200.00","ATM DENDEN","Cotisatin gardes","","> Dépenses> Logement> Cotisations","> Actifs> Comptes chèques> Amen","NON",""
"26/11/2014","-100.00","ATM DENDEN","Halloula","","> Dépenses> Avances","> Actifs> Comptes chèques> Amen","NON",""
"26/11/2014","-4.76","CARREFOUR","","","> Dépenses> Logement> Cotisations","> Actifs> Comptes chèques> Amen","NON",""
"26/11/2014","-4.00","CION  AMENNET P1 11/14","","","> Dépenses> Banque> Frais banquaires","> Actifs> Comptes chèques> Amen","NON",""
"26/11/2014","-0.72","TVA SUR AMENNET P1 11/14","","","> Dépenses> Banque> Frais banquaires","> Actifs> Comptes chèques> Amen","NON",""
"25/11/2014","-1.42","CION/VIRT RECU","","0","> Dépenses> Banque> Frais banquaires","> Actifs> Comptes chèques> Amen","NON",""
"25/11/2014","1613.83","VIR O/ST MICRO ELECTRONICS S.A","","0","> Revenus> Salaires","> Actifs> Comptes chèques> Amen","NON",""
"24/11/2014","-100.00","ATM EL MANAR","","028","> Actifs> Porte-monnaie","> Actifs> Comptes chèques> Amen","NON",""
"24/11/2014","-26.13","CARREFOUR MENZEH09","","","> Dépenses> Logement> Cotisations","> Actifs> Comptes chèques> Amen","NON",""
"24/11/2014","-21.00","KHAMSA EVENTS","gateau moon","","> Dépenses> Achats & Shopping> Cadeaux> Famille","> Actifs> Comptes chèques> Amen","NON",""
"24/11/2014","-5.00","AKMEN GAMES","","","> Dépenses> Achats & Shopping> Cadeaux> Famille","> Actifs> Comptes chèques> Amen","NON",""
"10/11/2014","-200.00","DAB TERMINAL","timbres","","> Dépenses> Vacances> Argent de poche","> Actifs> Comptes chèques> Amen","NON",""
"10/11/2014","-1.36","CION/RET DAB","","","> Dépenses> Banque> Frais banquaires","> Actifs> Comptes chèques> Amen","NON",""
"10/11/2014","-0.24","TVA/CION RET DAB","","","> Dépenses> Banque> Frais banquaires","> Actifs> Comptes chèques> Amen","NON",""
"05/11/2014","-1170.00","CHQ 6937379 FAV KHEMIRI AZIZ AZIZ","?","6937379","> Actifs> Maison> travaux","> Actifs> Comptes chèques> Amen","NON",""
"05/11/2014","-200.00","CHEQUE NO 6937380","?","6937380","> Actifs> Maison> travaux","> Actifs> Comptes chèques> Amen","NON",""
"05/11/2014","1660.00","VERSEMENT 05820141105VER618","papa","0","> Revenus> apport famille","> Actifs> Comptes chèques> Amen","NON",""
"03/11/2014","-5.00","RECH TN USSD 03112014 058141031120","","3041402","> Dépenses> Quotidien> Communications> Portable","> Actifs> Comptes chèques> Amen","NON",""
"31/10/2014","-62.00","CHQ 6672598 FAV ALMERIA STATION","","6672598","> Dépenses> Auto> Essence","> Actifs> Comptes chèques> Amen","NON",""
"31/10/2014","-4.00","CION  AMENNET P1 10/14","","","> Dépenses> Banque> Frais banquaires","> Actifs> Comptes chèques> Amen","NON",""
"31/10/2014","-0.72","TVA SUR AMENNET P1 10/14","","","> Dépenses> Banque> Frais banquaires","> Actifs> Comptes chèques> Amen","NON",""
"29/10/2014","-570.00","CHQ 6672596 FAV JERIDI KHALED","plombier","6672596","> Actifs> Maison> travaux","> Actifs> Comptes chèques> Amen","NON","plomberie"
"28/10/2014","-130.00","CHQ 6672597 FAV STE CARTHAGO EL","caches des prises","6672597","> Actifs> Maison> travaux","> Actifs> Comptes chèques> Amen","NON",""
"28/10/2014","-5.00","RECH TN USSD 28102014 058141027752","","3041402","> Dépenses> Quotidien> Communications> Portable","> Actifs> Comptes chèques> Amen","NON",""
"28/10/2014","-1.42","CION/VIRT RECU","","0","> Dépenses> Banque> Frais banquaires","> Actifs> Comptes chèques> Amen","NON",""
"28/10/2014","350.00","ENC 1 CHQ","moon","0","> Revenus> apport famille","> Actifs> Comptes chèques> Amen","NON",""
"28/10/2014","1488.26","VIR O/ST MICRO ELECTRONICS S.A","","0","> Revenus> Salaires","> Actifs> Comptes chèques> Amen","NON",""
"27/10/2014","-482.46","INT/ CREDIT LONG TERME HABITAT DU 27/10/2","","","> Crédits> Appartement","> Actifs> Comptes chèques> Amen","NON",""
"27/10/2014","-302.58","REGLEMENT  EFFET  AU : 27102014","","0","> Crédits> Appartement","> Actifs> Comptes chèques> Amen","NON",""
"27/10/2014","-74.90","STEG","","","> Dépenses> Logement> chez moi> Factures","> Actifs> Comptes chèques> Amen","NON",""
"27/10/2014","-40.00","DAB CACS AB","","012","> Actifs> Porte-monnaie","> Actifs> Comptes chèques> Amen","NON",""
"27/10/2014","-2.95","CION/REGLEMENT EFFET","","0","> Dépenses> Banque> Frais banquaires","> Actifs> Comptes chèques> Amen","NON",""
"27/10/2014","-0.70","CION ENC/ 1 CHQ 7904","","7904","> Dépenses> Banque> Frais banquaires","> Actifs> Comptes chèques> Amen","NON",""
"27/10/2014","-0.13","TVA SUR CION ENCAISSEMENT","","7904","> Dépenses> Banque> Frais banquaires","> Actifs> Comptes chèques> Amen","NON",""
"24/10/2014","-140.00","CHEQUE NO 6672594","electricien","6672594","> Actifs> Maison> travaux","> Actifs> Comptes chèques> Amen","NON","electricité"
"24/10/2014","-5.00","RECH TN USSD 24102014 058141024521","","3041402","> Dépenses> Quotidien> Communications> Portable","> Actifs> Comptes chèques> Amen","NON",""
"24/10/2014","1400.00","VERSEMENT 05820141024VER358","","0","> Actifs> Porte-monnaie","> Actifs> Comptes chèques> Amen","NON",""
"23/10/2014","-1000.00","CHQ 6672592 FAV GHRAIRI             LOTFI","Complement Salon","6672592","> Actifs> Maison> Mobilier","> Actifs> Comptes chèques> Amen","NON",""
"23/10/2014","-89.80","KMK CELIO SOUKRA      TUNIS","sous vetements","89,800","> Dépenses> Achats & Shopping> Vêtements","> Actifs> Comptes chèques> Amen","NON",""
"22/10/2014","-400.00","DAB CACS AB","","020","> Actifs> Porte-monnaie","> Actifs> Comptes chèques> Amen","NON",""
"22/10/2014","-350.00","DAB CACS AB","","020","> Actifs> Porte-monnaie","> Actifs> Comptes chèques> Amen","NON",""
"22/10/2014","-250.00","CHEQUE NO 6672593","?","6672593","> Actifs> Maison> travaux","> Actifs> Comptes chèques> Amen","NON",""
"22/10/2014","-10.00","COMM/AUT PASS DECOUVERT REF:4132153","","","> Dépenses> Banque> Frais banquaires","> Actifs> Comptes chèques> Amen","NON",""
"22/10/2014","-1.80","TVA/COMM/AUT PASS DECOUVERT REF:4132153","","","> Dépenses> Banque> Frais banquaires","> Actifs> Comptes chèques> Amen","NON",""
"21/10/2014","-480.00","CHQ 6937377 FAV STE OGGI SARL","chaussures mariage","6937377","> Dépenses> Achats & Shopping> Vêtements","> Actifs> Comptes chèques> Amen","NON",""
"21/10/2014","-55.00","CHQ 6937378 FAV SANI BAINS DISTRIBUTION","complement mitigeur cuisine","6937378","> Actifs> Maison> travaux","> Actifs> Comptes chèques> Amen","NON",""
"21/10/2014","-8.00","COMM/AUT PASS DECOUVERT REF:4129189","","","> Dépenses> Banque> Frais banquaires","> Actifs> Comptes chèques> Amen","NON",""
"21/10/2014","-1.44","TVA/COMM/AUT PASS DECOUVERT REF:4129189","","","> Dépenses> Banque> Frais banquaires","> Actifs> Comptes chèques> Amen","NON",""
"21/10/2014","-1.42","CION/VIRT RECU","","0","> Dépenses> Banque> Frais banquaires","> Actifs> Comptes chèques> Amen","NON",""
"21/10/2014","2000.00","VIR O/DR SASSI HELA (electromenager)","halloula","0","> Revenus> Halloula","> Actifs> Comptes chèques> Amen","NON",""
"20/10/2014","-120.00","CHQ 6672590 FAV BEN ZEKRI MAJDI","?","6672590","> Actifs> Maison> travaux","> Actifs> Comptes chèques> Amen","NON",""
"20/10/2014","-53.00","FRATELLI BURRATA","","","> Dépenses> Loisirs> Sorties","> Actifs> Comptes chèques> Amen","NON",""
"20/10/2014","-7.24","MONOPRIX","","","> Dépenses> Quotidien> Produits","> Actifs> Comptes chèques> Amen","NON",""
"20/10/2014","-5.00","RECH TN USSD 20102014 058141018109","","3041402","> Dépenses> Quotidien> Communications> Portable","> Actifs> Comptes chèques> Amen","NON",""
"17/10/2014","-750.00","CHQ 6672591 FAV ZOUHAIR LIMEM","Rideaux","6672591","> Actifs> Maison> Mobilier","> Actifs> Comptes chèques> Amen","NON",""
"14/10/2014","-520.00","CHQ 6672587 FAV EL AYEDI            SOFYE","Matelas","6672587","> Actifs> Maison> Mobilier","> Actifs> Comptes chèques> Amen","NON",""
"14/10/2014","-465.88","CHQ 6672589 FAV STE PROMOUV S A","microondes","6672589","> Actifs> Maison> Mobilier","> Actifs> Comptes chèques> Amen","NON",""
"14/10/2014","-105.00","CHQ 6672588 FAV SANI BAINS DISTRIBUTION","mitigeur cuisine","6672588","> Actifs> Maison> travaux","> Actifs> Comptes chèques> Amen","NON",""
"14/10/2014","-0.11","INTERET AU  30/09/14","","","> Dépenses> Banque> Frais banquaires","> Actifs> Comptes chèques> Amen","NON",""
"14/10/2014","1300.00","VERSEMENT 05820141014VER1705","","0","> Revenus> Halloula","> Actifs> Comptes chèques> Amen","NON",""
"13/10/2014","-30.00","STE HAMTEL","","","> Dépenses> Quotidien> Communications> Portable","> Actifs> Comptes chèques> Amen","NON",""
"13/10/2014","-5.00","RECH TN USSD 13102014 058141013762","","3041402","> Dépenses> Quotidien> Communications> Portable","> Actifs> Comptes chèques> Amen","NON",""
"10/10/2014","-50.00","CHQ 6672585 FAV BEN YOUSSEF MOHAMED NASSE","","","> Dépenses> Santé","> Actifs> Comptes chèques> Amen","NON",""
"09/10/2014","-2700.00","CHQ 6672583 FAV IDEAL CUISINE SARL","Plan de travail","","> Actifs> Maison> Mobilier","> Actifs> Comptes chèques> Amen","NON",""
"09/10/2014","-62.00","CHQ 6672586 FAV HATEM TAKALI -OIL LIBYA","","","> Dépenses> Auto> Essence","> Actifs> Comptes chèques> Amen","NON",""
"09/10/2014","-30.00","CHQ 6672584 FAV FARAH MONDHER STATION AGI","","","> Dépenses> Auto> Essence","> Actifs> Comptes chèques> Amen","NON",""
"08/10/2014","-37.00","STE HOT TOUR EL MOHAMALA SOUKRA","","","> Dépenses> Auto> Essence","> Actifs> Comptes chèques> Amen","NON",""
"08/10/2014","400.00","ENC 1 CHQ","hela","","> Revenus> Halloula","> Actifs> Comptes chèques> Amen","NON",""
"07/10/2014","-2837.00","CHQ 6069423 FAV ULYSSE HYPER DI","ll + lv + frigo","","> Actifs> Maison> Mobilier","> Actifs> Comptes chèques> Amen","NON",""
"07/10/2014","-0.70","CION ENC/ 1 CHQ 8324","","","> Dépenses> Banque> Frais banquaires","> Actifs> Comptes chèques> Amen","NON",""
"07/10/2014","-0.13","TVA SUR CION ENCAISSEMENT","","","> Dépenses> Banque> Frais banquaires","> Actifs> Comptes chèques> Amen","NON",""
"06/10/2014","3000.00","VERSEMENT 05820141006VER822","","","> Revenus> apport famille","> Actifs> Comptes chèques> Amen","NON",""
"03/10/2014","-89.00","RESTAURANT DER EL JELD","","","> Dépenses> Loisirs> Sorties","> Actifs> Comptes chèques> Amen","NON",""
"02/10/2014","-2613.50","CHQ 6672582 FAV STE DE L ECONOMIE MODERNE","Matos plomberie","","> Actifs> Maison> travaux","> Actifs> Comptes chèques> Amen","NON",""
"02/10/2014","-400.00","DAB CACS AB","","","> Actifs> Porte-monnaie","> Actifs> Comptes chèques> Amen","NON",""
"02/10/2014","-400.00","DAB CACS AB","","","> Actifs> Porte-monnaie","> Actifs> Comptes chèques> Amen","NON",""
"02/10/2014","-300.00","DAB CACS AB","","","> Actifs> Porte-monnaie","> Actifs> Comptes chèques> Amen","NON",""
"02/10/2014","-103.00","CHQ 6069425 FAV ABBES EPOUSE BORCHANJOUDA","?","","> Actifs> Maison> travaux","> Actifs> Comptes chèques> Amen","NON",""
"01/10/2014","-199.62","PROMOUV","microondes","","> Actifs> Maison> Mobilier","> Actifs> Comptes chèques> Amen","NON",""
"01/10/2014","-11.80","FRAIS TENUE COMPTE AU 30/09/2014","","","> Dépenses> Banque> AGIOS","> Actifs> Comptes chèques> Amen","NON",""
"30/09/2014","-10.40","SONEDE","","","> Dépenses> Logement> chez moi> Factures","> Actifs> Comptes chèques> Amen","NON",""
"29/09/2014","-3100.00","CHEQUE NO 6672580","matos electricité","","> Actifs> Maison> travaux","> Actifs> Comptes chèques> Amen","NON","electricité"
"29/09/2014","-501.92","INT/ CREDIT LONG TERME HABITAT DU 27/09/2","","","> Crédits> Appartement","> Actifs> Comptes chèques> Amen","NON",""
"29/09/2014","-285.19","REGLEMENT  EFFET  AU : 27092014","","","> Crédits> Appartement","> Actifs> Comptes chèques> Amen","NON",""
"29/09/2014","-59.00","ACHAT DU","","","> Dépenses> Auto> Essence","> Actifs> Comptes chèques> Amen","NON",""
"29/09/2014","-2.95","CION/REGLEMENT EFFET","","","> Dépenses> Banque> Frais banquaires","> Actifs> Comptes chèques> Amen","NON",""
"26/09/2014","-1500.00","CHQ 6672579 FAV IDEAL CUISINE SARL","Complement dressing chambre","","> Actifs> Maison> travaux","> Actifs> Comptes chèques> Amen","NON",""
"26/09/2014","-1050.00","CHQ 6672578 FAV IDEAL CUISINE SARL","Dressing Entrée","","> Actifs> Maison> travaux","> Actifs> Comptes chèques> Amen","NON",""
"26/09/2014","-30.00","STE HAMTEL","","","> Dépenses> Quotidien> Communications> Portable","> Actifs> Comptes chèques> Amen","NON",""
"26/09/2014","-4.00","CION  AMENNET P1 09/14","","","> Dépenses> Banque> Frais banquaires","> Actifs> Comptes chèques> Amen","NON",""
"26/09/2014","-0.72","TVA SUR AMENNET P1 09/14","","","> Dépenses> Banque> Frais banquaires","> Actifs> Comptes chèques> Amen","NON",""
"25/09/2014","-1.42","CION/VIRT RECU","","","> Dépenses> Banque> Frais banquaires","> Actifs> Comptes chèques> Amen","NON",""
"25/09/2014","1622.80","VIR O/ST MICRO ELECTRONICS S.A","","","> Revenus> Salaires","> Actifs> Comptes chèques> Amen","NON",""
"24/09/2014","-29.54","STE LA VILLA","Complement fileurs cuisine","","> Actifs> Maison> travaux","> Actifs> Comptes chèques> Amen","NON",""
"24/09/2014","-6.40","ACHAT DU","buldog burger","","> Dépenses> Quotidien> Alimentation","> Actifs> Comptes chèques> Amen","NON",""
"23/09/2014","-35.00","CHQ 6672576 FAV MHIRSI DISTRIBUTION","telerupteur","","> Actifs> Maison> travaux","> Actifs> Comptes chèques> Amen","NON","electricité"
"22/09/2014","-5.00","RECH TN USSD 22092014 058140920510","","","> Dépenses> Quotidien> Communications> Portable","> Actifs> Comptes chèques> Amen","NON",""
"19/09/2014","-60.00","CHQ 6069424 FAV SOCIETE ALMERIA","","","> Dépenses> Auto> Essence","> Actifs> Comptes chèques> Amen","NON",""
"18/09/2014","-21.46","CARREFOUR TUNIS","","","> Dépenses> Quotidien> Produits","> Actifs> Comptes chèques> Amen","NON",""
"17/09/2014","-112.00","CHQ 6069420 FAV ASKRI LARBI","revetement salon","","> Actifs> Maison> travaux","> Actifs> Comptes chèques> Amen","NON","maconnerie"
"17/09/2014","-100.00","CHQ 6069422 FAV STE QUINCAILLER","dominos + prises + divers","","> Actifs> Maison> travaux","> Actifs> Comptes chèques> Amen","NON","electricité"
"17/09/2014","-56.00","CHQ 6069421 FAV ASKRI SLAHEDDINE","revetement salon (reserve)","","> Actifs> Maison> travaux","> Actifs> Comptes chèques> Amen","NON","maconnerie"
"12/09/2014","8000.00","ENC 1 CHQ","","","> Revenus> apport famille","> Actifs> Comptes chèques> Amen","NON",""
"11/09/2014","-3500.00","CHQ.G.NO 05820140911RET39","","","> Actifs> Porte-monnaie","> Actifs> Comptes chèques> Amen","NON",""
"11/09/2014","-96.40","CHQ 6069418 FAV STE GENERALE DES INDDE PE","","","> Actifs> Maison> travaux","> Actifs> Comptes chèques> Amen","NON","electricité"
"11/09/2014","-1.42","CION/VIRT RECU","","","> Dépenses> Banque> Frais banquaires","> Actifs> Comptes chèques> Amen","NON",""
"11/09/2014","-0.70","CION ENC/ 1 CHQ 4183","","","> Dépenses> Banque> Frais banquaires","> Actifs> Comptes chèques> Amen","NON",""
"11/09/2014","-0.13","TVA SUR CION ENCAISSEMENT","","","> Dépenses> Banque> Frais banquaires","> Actifs> Comptes chèques> Amen","NON",""
"11/09/2014","21.88","VIR O/AON  TUNISIE","","","> Dépenses> Santé","> Actifs> Comptes chèques> Amen","NON",""
"10/09/2014","-695.00","CHQ 6069417 FAV MR KANOUN ABDELWAHEB","","","> Actifs> Maison> travaux","> Actifs> Comptes chèques> Amen","NON","electricité"
"10/09/2014","-37.00","CHQ 6069415 FAV ASKRI LARBI","","","> Actifs> Maison> travaux","> Actifs> Comptes chèques> Amen","NON","maconnerie"
"09/09/2014","-700.00","CHQ 6069419 FAV STE D'EQUIPEMENTS MO","porte blindée","","> Actifs> Maison> travaux","> Actifs> Comptes chèques> Amen","NON","Equipement"
"09/09/2014","-129.00","CHQ 6069416 FAV SOCIETE ESSEYAHA","","","> Dépenses> Loisirs> Bar","> Actifs> Comptes chèques> Amen","NON",""
"08/09/2014","0.00","STE ESSALAMA","","","> Dépenses> Banque> Frais banquaires","> Actifs> Comptes chèques> Amen","NON",""
"05/09/2014","-608.00","CHQ 4319149 FAV SANI BAINS DISTRIBUTION","","","> Actifs> Maison> travaux","> Actifs> Comptes chèques> Amen","NON","Equipement"
"05/09/2014","-500.00","DAB CACS AB","","","> Actifs> Porte-monnaie","> Actifs> Comptes chèques> Amen","NON",""
"05/09/2014","-500.00","DAB CACS AB","","","> Actifs> Porte-monnaie","> Actifs> Comptes chèques> Amen","NON",""
"05/09/2014","-300.00","DAB CACS AB","","","> Actifs> Porte-monnaie","> Actifs> Comptes chèques> Amen","NON",""
"05/09/2014","-233.00","CHQ 6069411 FAV SANI BAINS DISTRIBUTION","","","> Actifs> Maison> travaux","> Actifs> Comptes chèques> Amen","NON","Equipement"
"05/09/2014","-224.00","CHQ 6069412 FAV ASKRI SLAHEDDINE","","","> Actifs> Maison> travaux","> Actifs> Comptes chèques> Amen","NON","maconnerie"
"05/09/2014","-111.00","CHQ 6069414 FAV ASKRI SLAHEDDINE","","","> Actifs> Maison> travaux","> Actifs> Comptes chèques> Amen","NON","maconnerie"
"05/09/2014","-70.00","CHQ 6069413 FAV SOCIETE ESSEYAHA","","","> Dépenses> Loisirs> Bar","> Actifs> Comptes chèques> Amen","NON",""
"04/09/2014","-3056.97","CHQ 6069406 FAV SOCIETE LA VILLA","","","> Actifs> Maison> travaux","> Actifs> Comptes chèques> Amen","NON","Equipement"
"03/09/2014","-64.00","CHQ 6069409 FAV STE FIRAS PETROLE","","","> Dépenses> Auto> Essence","> Actifs> Comptes chèques> Amen","NON",""
"02/09/2014","-218.00","CHQ 6069408 FAV SOCI T  LUMI RE MAHBOUBIN","faience cuisine","","> Actifs> Maison> travaux","> Actifs> Comptes chèques> Amen","NON","maconnerie"
"02/09/2014","-144.00","CHQ 6069410 FAV MR CHETTAOUI WALID","Marbre","","> Actifs> Maison> travaux","> Actifs> Comptes chèques> Amen","NON","maconnerie"
"02/09/2014","-1.42","CION/VIRT RECU","","","> Dépenses> Banque> Frais banquaires","> Actifs> Comptes chèques> Amen","NON",""
"02/09/2014","1200.00","VIR O/QNB","haythem","","> Revenus> Cadeaux","> Actifs> Comptes chèques> Amen","NON",""
"01/09/2014","-30.00","ACHAT DU","","","> Dépenses> Quotidien> Communications> Portable","> Actifs> Comptes chèques> Amen","NON",""
"01/09/2014","-21.00","CHQ 6069407 FAV STE SOBAQUE","","","> Actifs> Maison> travaux","> Actifs> Comptes chèques> Amen","NON","maconnerie"
"01/09/2014","-4.00","CION  AMENNET P1 08/14","","","> Dépenses> Banque> Frais banquaires","> Actifs> Comptes chèques> Amen","NON",""
"01/09/2014","-0.72","TVA SUR AMENNET P1 08/14","","","> Dépenses> Banque> Frais banquaires","> Actifs> Comptes chèques> Amen","NON",""
"01/09/2014","1350.00","ENC 1 CHQ","moon","","> Revenus> apport famille","> Actifs> Comptes chèques> Amen","NON",""
"01/09/2014","12000.00","ENC 1 CHQ","","","> Actifs> Placement> Bourse> Compte bourse moon","> Actifs> Comptes chèques> Amen","NON",""
"29/08/2014","-1.40","CION ENC/ 2 CHQ 2152","","","> Dépenses> Banque> Frais banquaires","> Actifs> Comptes chèques> Amen","NON",""
"29/08/2014","-0.25","TVA SUR CION ENCAISSEMENT","","","> Dépenses> Banque> Frais banquaires","> Actifs> Comptes chèques> Amen","NON",""
"28/08/2014","-53.86","CHQ 6069405 FAV STE SOBAQUE","carreaux joint + ciment colle","","> Actifs> Maison> travaux","> Actifs> Comptes chèques> Amen","NON","maconnerie"
"28/08/2014","-4.00","COMM/AUT PASS DECOUVERT REF:3999525","","","> Dépenses> Banque> Frais banquaires","> Actifs> Comptes chèques> Amen","NON",""
"28/08/2014","-1.42","CION/VIRT RECU","","","> Dépenses> Banque> Frais banquaires","> Actifs> Comptes chèques> Amen","NON",""
"28/08/2014","-0.72","TVA/COMM/AUT PASS DECOUVERT REF:3999525","","","> Dépenses> Banque> Frais banquaires","> Actifs> Comptes chèques> Amen","NON",""
"28/08/2014","1426.38","VIR O/ST MICRO ELECTRONICS S.A","","","> Revenus> Salaires","> Actifs> Comptes chèques> Amen","NON",""
"27/08/2014","-1650.00","CHQ 6069404 FAV IDEAL CUISINE SARL","dressing","","> Actifs> Maison> travaux","> Actifs> Comptes chèques> Amen","NON","Equipement"
"27/08/2014","-504.31","INT/ CREDIT LONG TERME HABITAT DU 27/08/2","","","> Crédits> Appartement","> Actifs> Comptes chèques> Amen","NON",""
"27/08/2014","-283.49","REGLEMENT  EFFET  AU : 27082014","","","> Crédits> Appartement","> Actifs> Comptes chèques> Amen","NON",""
"27/08/2014","-5.00","RECH TN USSD 27082014 058140827809","","","> Dépenses> Quotidien> Communications> Portable","> Actifs> Comptes chèques> Amen","NON",""
"27/08/2014","-2.95","CION/REGLEMENT EFFET","","","> Dépenses> Banque> Frais banquaires","> Actifs> Comptes chèques> Amen","NON",""
"26/08/2014","-30.17","PHCIE KILANI SAMIRA","","","> Dépenses> Santé","> Actifs> Comptes chèques> Amen","NON",""
"25/08/2014","-672.00","CHQ 6069401 FAV ASKRI SLAHEDDINE","revetement cuisine","","> Actifs> Maison> travaux","> Actifs> Comptes chèques> Amen","NON","maconnerie"
"22/08/2014","-1350.00","CHQ 4319150 FAV LOTFI GHRAIRI","Salon (ricci)","","> Actifs> Maison> Mobilier","> Actifs> Comptes chèques> Amen","NON",""
"21/08/2014","-27.20","SONEDE","","","> Dépenses> Logement> Cotisations","> Actifs> Comptes chèques> Amen","NON",""
"20/08/2014","-80.00","REST. LE CHATEAU NEUF HAMMAMET","","","> Dépenses> Loisirs> Restaurant","> Actifs> Comptes chèques> Amen","NON",""
"19/08/2014","-1000.00","CHQ 4319146 FAV STE D'EQUIPEMENTS MO","semobat (porte blindée)","","> Actifs> Maison> travaux","> Actifs> Comptes chèques> Amen","NON","Equipement"
"19/08/2014","-323.09","CHQ 4319143 FAV SICERAM PLUS","faience wc","","> Actifs> Maison> travaux","> Actifs> Comptes chèques> Amen","NON","maconnerie"
"19/08/2014","-170.00","CHQ 4319144 FAV GECER HALIT","tac (linge lit)","","> Dépenses> Logement> chez moi> Equipement","> Actifs> Comptes chèques> Amen","NON",""
"19/08/2014","-60.00","CHQ 4319147 FAV HATEM TAKALI -OIL LIBYA","","","> Dépenses> Auto> Essence","> Actifs> Comptes chèques> Amen","NON",""
"19/08/2014","-30.56","CHQ 4319148 FAV STE SOBAQUE","ciment colle","","> Actifs> Maison> travaux","> Actifs> Comptes chèques> Amen","NON","maconnerie"
"18/08/2014","-5.00","RECH TN USSD 18082014 058140817003","","","> Dépenses> Quotidien> Communications> Portable","> Actifs> Comptes chèques> Amen","NON",""
"15/08/2014","5000.00","VERSEMENT 05820140815VER264","","","> Actifs> Porte-monnaie","> Actifs> Comptes chèques> Amen","NON",""
"12/08/2014","-109.00","CHQ 4319145 FAV STE BLUE MOTORS  SARL","","","> Dépenses> Auto> Entretien","> Actifs> Comptes chèques> Amen","NON",""
"12/08/2014","-5.00","RECH TN USSD 12082014 058140811672","","","> Dépenses> Quotidien> Communications> Portable","> Actifs> Comptes chèques> Amen","NON",""
"08/08/2014","-5.00","RECH TN USSD 08082014 058140807407","","","> Dépenses> Quotidien> Communications> Portable","> Actifs> Comptes chèques> Amen","NON",""
"07/08/2014","-100.00","DAB CACS AB","","","> Actifs> Porte-monnaie","> Actifs> Comptes chèques> Amen","NON",""
"04/08/2014","-48.50","SONEDE","","","> Dépenses> Logement> chez moi> Factures","> Actifs> Comptes chèques> Amen","NON",""
"04/08/2014","-44.30","STEG","","","> Dépenses> Logement> chez moi> Factures","> Actifs> Comptes chèques> Amen","NON",""
"01/08/2014","-20.00","STE HAMTEL","","","> Dépenses> Quotidien> Communications> Portable","> Actifs> Comptes chèques> Amen","NON",""
"31/07/2014","-297.54","REGLEMENT  EFFET  AU : 27072014","","","> Crédits> Appartement","> Actifs> Comptes chèques> Amen","NON",""
"31/07/2014","-2.95","CION/REGLEMENT EFFET","","","> Dépenses> Banque> Frais banquaires","> Actifs> Comptes chèques> Amen","NON",""
"30/07/2014","-500.00","ATM EL AGBA","","","> Actifs> Porte-monnaie","> Actifs> Comptes chèques> Amen","NON",""
"30/07/2014","-500.00","ATM EL AGBA","","","> Actifs> Porte-monnaie","> Actifs> Comptes chèques> Amen","NON",""
"30/07/2014","-500.00","ATM EL AGBA","","","> Actifs> Porte-monnaie","> Actifs> Comptes chèques> Amen","NON",""
"30/07/2014","-500.00","ATM EL AGBA","","","> Actifs> Porte-monnaie","> Actifs> Comptes chèques> Amen","NON",""
"30/07/2014","-477.44","INT/ CREDIT LONG TERME HABITAT DU 27/07/2","","","> Crédits> Appartement","> Actifs> Comptes chèques> Amen","NON",""
"30/07/2014","-60.00","CHQ 4319142 FAV EL KAMEL             HATE","","","> Dépenses> Auto> Essence","> Actifs> Comptes chèques> Amen","NON",""
"30/07/2014","-50.00","ATM SOUK ETTROUK","","","> Actifs> Porte-monnaie","> Actifs> Comptes chèques> Amen","NON",""
"24/07/2014","-34.00","AGBA                  DENDEN","","","> Dépenses> Auto> Essence","> Actifs> Comptes chèques> Amen","NON",""
"24/07/2014","-15.40","CARREFOUR TUNIS","","","> Dépenses> Quotidien> Produits","> Actifs> Comptes chèques> Amen","NON",""
"24/07/2014","-12.34","CARREFOUR TUNIS","","","> Dépenses> Quotidien> Produits","> Actifs> Comptes chèques> Amen","NON",""
"24/07/2014","-1.42","CION/VIRT RECU","","","> Dépenses> Banque> Frais banquaires","> Actifs> Comptes chèques> Amen","NON",""
"24/07/2014","1425.90","VIR O/ST MICRO ELECTRONICS S.A","","","> Revenus> Salaires","> Actifs> Comptes chèques> Amen","NON",""
"22/07/2014","-187.43","LA VILLA","serviettes","","> Dépenses> Logement> chez moi> Equipement","> Actifs> Comptes chèques> Amen","NON",""
"22/07/2014","-43.00","SHELL MENZAH 9","","","> Dépenses> Auto> Essence","> Actifs> Comptes chèques> Amen","NON",""
"22/07/2014","-4.00","CION  AMENNET P1 07/14","","","> Dépenses> Banque> Frais banquaires","> Actifs> Comptes chèques> Amen","NON",""
"22/07/2014","-0.72","TVA SUR AMENNET P1 07/14","","","> Dépenses> Banque> Frais banquaires","> Actifs> Comptes chèques> Amen","NON",""
"21/07/2014","-400.00","ATM CARNOY","","","> Actifs> Porte-monnaie","> Actifs> Comptes chèques> Amen","NON",""
"21/07/2014","-400.00","ATM CARNOY","","","> Actifs> Porte-monnaie","> Actifs> Comptes chèques> Amen","NON",""
"21/07/2014","-400.00","ATM CARNOY","","","> Actifs> Porte-monnaie","> Actifs> Comptes chèques> Amen","NON",""
"21/07/2014","-310.00","LA VILLA","serviettes","","> Dépenses> Logement> chez moi> Equipement","> Actifs> Comptes chèques> Amen","NON",""
"21/07/2014","-5.00","RECH TN USSD 21072014 058140720081","","","> Dépenses> Quotidien> Communications> Portable","> Actifs> Comptes chèques> Amen","NON",""
"18/07/2014","-19.14","MONOPRIX EL MANAR","","","> Dépenses> Quotidien> Produits","> Actifs> Comptes chèques> Amen","NON",""
"17/07/2014","-500.00","CHQ 4319141 FAV DALLALI SYRINE","","","> Actifs> Porte-monnaie","> Actifs> Comptes chèques> Amen","NON",""
"16/07/2014","-76.43","CHQ 4319139 FAV STE COMAF DE DISTRIBUTION","","","> Actifs> Maison> travaux","> Actifs> Comptes chèques> Amen","NON","maconnerie;Matos"
"14/07/2014","-600.00","ATM EL MANAR CAMPUS","","","> Actifs> Porte-monnaie","> Actifs> Comptes chèques> Amen","NON",""
"14/07/2014","-500.00","ATM EL MANAR CAMPUS","","","> Actifs> Porte-monnaie","> Actifs> Comptes chèques> Amen","NON",""
"14/07/2014","-500.00","ATM EL MANAR CAMPUS","","","> Actifs> Porte-monnaie","> Actifs> Comptes chèques> Amen","NON",""
"14/07/2014","-190.00","ATM EL MANAR CAMPUS","","","> Actifs> Porte-monnaie","> Actifs> Comptes chèques> Amen","NON",""
"11/07/2014","-61.00","CHQ 4319137 FAV ALMERIA STATION","","","> Dépenses> Auto> Essence","> Actifs> Comptes chèques> Amen","NON",""
"10/07/2014","-262.96","CHQ 4319138 FAV STE COMAF DE DISTRIBUTION","Caissons pour volets","","> Actifs> Maison> travaux","> Actifs> Comptes chèques> Amen","NON","maconnerie;Matos"
"08/07/2014","-4.41","INTERET AU  30/06/14","","","> Dépenses> Banque> Frais banquaires","> Actifs> Comptes chèques> Amen","NON",""
"07/07/2014","-600.00","ATM EL MANAR CAMPUS","","","> Actifs> Porte-monnaie","> Actifs> Comptes chèques> Amen","NON",""
"07/07/2014","-500.00","ATM EL MANAR CAMPUS","","","> Actifs> Porte-monnaie","> Actifs> Comptes chèques> Amen","NON",""
"07/07/2014","-400.00","ATM EL MANAR CAMPUS","","","> Actifs> Porte-monnaie","> Actifs> Comptes chèques> Amen","NON",""
"01/07/2014","-11.80","FRAIS TENUE COMPTE AU 30/06/2014","","","> Dépenses> Banque> AGIOS","> Actifs> Comptes chèques> Amen","NON",""
"30/06/2014","-1371.09","CHQ 4319136 FAV SOCIETE M.A.D","chassis pour portes coulissante","","> Actifs> Maison> travaux","> Actifs> Comptes chèques> Amen","NON","Matos"
"30/06/2014","-300.00","DAB CACS AB","","","> Actifs> Porte-monnaie","> Actifs> Comptes chèques> Amen","NON",""
"30/06/2014","-300.00","DAB CACS AB","","","> Actifs> Porte-monnaie","> Actifs> Comptes chèques> Amen","NON",""
"30/06/2014","-147.80","STEG","","","> Dépenses> Logement> chez moi> Factures","> Actifs> Comptes chèques> Amen","NON",""
"30/06/2014","-100.00","DAB CACS AUTRE BQ","","","> Actifs> Porte-monnaie","> Actifs> Comptes chèques> Amen","NON",""
"30/06/2014","-95.00","RES. BELLE VUE","","","> Dépenses> Loisirs> Restaurant","> Actifs> Comptes chèques> Amen","NON",""
"30/06/2014","-20.00","STE HAMTEL","","","> Dépenses> Quotidien> Communications> Portable","> Actifs> Comptes chèques> Amen","NON",""
"30/06/2014","-1.10","CION/RET DAB","","","> Dépenses> Banque> Frais banquaires","> Actifs> Comptes chèques> Amen","NON",""
"30/06/2014","-0.20","TVA/CION RET DAB","","","> Dépenses> Banque> Frais banquaires","> Actifs> Comptes chèques> Amen","NON",""
"27/06/2014","-490.15","INT/ CREDIT LONG TERME HABITAT DU 27/06/2","","","> Crédits> Appartement","> Actifs> Comptes chèques> Amen","NON",""
"27/06/2014","-280.01","REGLEMENT  EFFET  AU : 27062014","","","> Crédits> Appartement","> Actifs> Comptes chèques> Amen","NON",""
"27/06/2014","-2.95","CION/REGLEMENT EFFET","","","> Dépenses> Banque> Frais banquaires","> Actifs> Comptes chèques> Amen","NON",""
"26/06/2014","-4.00","CION  AMENNET P1 06/14","","","> Dépenses> Banque> Frais banquaires","> Actifs> Comptes chèques> Amen","NON",""
"26/06/2014","-0.72","TVA SUR AMENNET P1 06/14","","","> Dépenses> Banque> Frais banquaires","> Actifs> Comptes chèques> Amen","NON",""
"25/06/2014","-1.42","CION/VIRT RECU","","","> Dépenses> Banque> Frais banquaires","> Actifs> Comptes chèques> Amen","NON",""
"25/06/2014","1370.38","VIR O/ST MICRO ELECTRONICS S.A","","","> Revenus> Salaires","> Actifs> Comptes chèques> Amen","NON",""
"23/06/2014","-2000.00","CHQ 4319134 FAV MAXULA BOURSE","","","> Actifs> Placement> Casier","> Actifs> Comptes chèques> Amen","NON",""
"23/06/2014","-132.16","LA VILLA","couverts","","> Dépenses> Logement> chez moi> Equipement","> Actifs> Comptes chèques> Amen","NON",""
"23/06/2014","-43.33","LA VILLA","Casserolle","","> Dépenses> Logement> chez moi> Equipement","> Actifs> Comptes chèques> Amen","NON",""
"20/06/2014","-35.40","LA VILLA","","","> Dépenses> Logement> chez moi> Equipement","> Actifs> Comptes chèques> Amen","NON",""
"19/06/2014","-59.00","CHQ 4319133 FAV HATEM TAKALI -OIL LIBYA","","","> Dépenses> Auto> Essence","> Actifs> Comptes chèques> Amen","NON",""
"16/06/2014","-3517.00","CHQ 4319132 FAV SANI BAINS DISTRIBUTION","revetement chambre, mélangeur, bain","","> Actifs> Maison> travaux","> Actifs> Comptes chèques> Amen","NON","Matos;plomberie"
"16/06/2014","-3000.00","CHQ 3577381 FAV MAXULA BOURSE","","","> Actifs> Placement> Casier","> Actifs> Comptes chèques> Amen","NON",""
"16/06/2014","-22.64","COMMISION DE REALISATION TRR TRR225155","","","> Dépenses> Banque> Frais banquaires","> Actifs> Comptes chèques> Amen","NON",""
"16/06/2014","-15.00","COMMISSION DE TENUE DE DOSSIER SUR  TRR22","","","> Dépenses> Banque> Frais banquaires","> Actifs> Comptes chèques> Amen","NON",""
"16/06/2014","-15.00","RECUPERATION FRAIS SUR MESSAGE SWIF TRR22","","","> Dépenses> Banque> Frais banquaires","> Actifs> Comptes chèques> Amen","NON",""
"16/06/2014","-5.00","RECUPERATION FRAIS PORT DE LETTRE TRR2251","","","> Dépenses> Banque> Frais banquaires","> Actifs> Comptes chèques> Amen","NON",""
"16/06/2014","-4.08","TVA/COMMISION DE REALISATION TRR TRR22515","","","> Dépenses> Banque> Frais banquaires","> Actifs> Comptes chèques> Amen","NON",""
"16/06/2014","-2.70","TVA/COMMISSION DE TENUE DE DOSSIER  TRR22","","","> Dépenses> Banque> Frais banquaires","> Actifs> Comptes chèques> Amen","NON",""
"16/06/2014","-2.70","TVA/RECUPERATION FRAIS SUR MESSAGE  TRR22","","","> Dépenses> Banque> Frais banquaires","> Actifs> Comptes chèques> Amen","NON",""
"16/06/2014","-0.90","TVA/RECUPERATION FRAIS PORT DE LETT TRR22","","","> Dépenses> Banque> Frais banquaires","> Actifs> Comptes chèques> Amen","NON",""
"16/06/2014","10985.00","TRANSFERT RECU DE L'ETRANGER EN DEV TRR22","","","> Revenus> apport famille","> Actifs> Comptes chèques> Amen","NON",""
"10/06/2014","-1740.00","CHQ 4319130 FAV SOCIETE LA FINITION","revetement salon","","> Actifs> Maison> travaux","> Actifs> Comptes chèques> Amen","NON","maconnerie;Matos"
"10/06/2014","-830.00","CHQ 4319131 FAV SICERAM PLUS","revetement sdb","","> Actifs> Maison> travaux","> Actifs> Comptes chèques> Amen","NON","maconnerie;Matos"
"10/06/2014","-58.00","CHQ 4319128 FAV HATEM TAKALI -OIL LIBYA","","","> Dépenses> Auto> Essence","> Actifs> Comptes chèques> Amen","NON",""
"09/06/2014","-3115.99","CHQ 4319127 FAV SOCIETE LA VILLA","cuisine","","> Actifs> Maison> travaux","> Actifs> Comptes chèques> Amen","NON","Matos"
"09/06/2014","-327.00","CHQ 4319126 FAV MOALLA THAMEUR","","","> Dépenses> Auto> Assurance/vignette","> Actifs> Comptes chèques> Amen","NON",""
"09/06/2014","10000.00","ENC 1 CHQ","","","> Actifs> Placement> Bourse> Compte bourse moon","> Actifs> Comptes chèques> Amen","NON",""
"06/06/2014","-0.70","CION ENC/ 1 CHQ 4169","","","> Dépenses> Banque> Frais banquaires","> Actifs> Comptes chèques> Amen","NON",""
"06/06/2014","-0.13","TVA SUR CION ENCAISSEMENT","","","> Dépenses> Banque> Frais banquaires","> Actifs> Comptes chèques> Amen","NON",""
"06/06/2014","2000.00","VERSEMENT 05820140606VER413","","","> Actifs> Placement> Bourse> Compte bourse principal","> Actifs> Comptes chèques> Amen","NON",""
"04/06/2014","-52.49","TAXES MUNICIPALES","","","> Dépenses> Logement> chez moi> Factures","> Actifs> Comptes chèques> Amen","NON",""
"02/06/2014","-15.00","STE HAMTEL","","","> Dépenses> Quotidien> Communications> Portable","> Actifs> Comptes chèques> Amen","NON",""
"30/05/2014","-40.40","GEANT TUNIS CITY","","","> Dépenses> Quotidien> Produits","> Actifs> Comptes chèques> Amen","NON",""
"29/05/2014","-58.00","SHELL MENZAH 9","","","> Dépenses> Auto> Essence","> Actifs> Comptes chèques> Amen","NON",""
"27/05/2014","-477.24","INT/ CREDIT LONG TERME HABITAT DU 27/05/2","","","> Crédits> Appartement","> Actifs> Comptes chèques> Amen","NON",""
"27/05/2014","-294.19","REGLEMENT  EFFET  AU : 27052014","","","> Crédits> Appartement","> Actifs> Comptes chèques> Amen","NON",""
"27/05/2014","-4.00","CION  AMENNET P1 05/14","","","> Dépenses> Banque> Frais banquaires","> Actifs> Comptes chèques> Amen","NON",""
"27/05/2014","-2.95","CION/REGLEMENT EFFET","","","> Dépenses> Banque> Frais banquaires","> Actifs> Comptes chèques> Amen","NON",""
"27/05/2014","-1.42","CION/VIRT RECU","","","> Dépenses> Banque> Frais banquaires","> Actifs> Comptes chèques> Amen","NON",""
"27/05/2014","-0.72","TVA SUR AMENNET P1 05/14","","","> Dépenses> Banque> Frais banquaires","> Actifs> Comptes chèques> Amen","NON",""
"27/05/2014","1370.37","VIR O/ST MICRO ELECTRONICS S.A","","","> Revenus> Salaires","> Actifs> Comptes chèques> Amen","NON",""
"23/05/2014","-30.00","STE HAMTEL","","","> Dépenses> Quotidien> Communications> Portable","> Actifs> Comptes chèques> Amen","NON",""
"22/05/2014","-59.00","CHQ 3577393 FAV MR SAKKA HASSEN","","","> Dépenses> Auto> Essence","> Actifs> Comptes chèques> Amen","NON",""
"21/05/2014","-175.00","DOCKSIDER CHAUSSURES  TUNIS AERO   000TN","","","> Dépenses> Achats & Shopping> Vêtements","> Actifs> Comptes chèques> Amen","NON",""
"21/05/2014","-39.00","CHQ 3577385 FAV S T E R","","","> Dépenses> Auto> Essence","> Actifs> Comptes chèques> Amen","NON",""
"19/05/2014","-60.00","ABT NLLE ARIANA","","","> Actifs> Porte-monnaie","> Actifs> Comptes chèques> Amen","NON",""
"19/05/2014","-43.00","CHQ 3577392 FAV ABDELKEFI ZOUHA","","","> Dépenses> Auto> Essence","> Actifs> Comptes chèques> Amen","NON",""
"19/05/2014","-1.00","CION/RET DAB","","","> Dépenses> Banque> Frais banquaires","> Actifs> Comptes chèques> Amen","NON",""
"19/05/2014","-0.18","TVA/CION RET DAB","","","> Dépenses> Banque> Frais banquaires","> Actifs> Comptes chèques> Amen","NON",""
"15/05/2014","-47.00","CHQ 3577391 FAV HATEM TAKALI -OIL LIBYA","","","> Dépenses> Auto> Essence","> Actifs> Comptes chèques> Amen","NON",""
"12/05/2014","-75.40","STE LA VILLA","","","> Dépenses> Achats & Shopping> Cadeaux> Moi","> Actifs> Comptes chèques> Amen","NON",""
"09/05/2014","-394.10","STEG","","","> Dépenses> Logement> chez moi> Factures","> Actifs> Comptes chèques> Amen","NON",""
"09/05/2014","-20.00","STE HAMTEL","","","> Dépenses> Quotidien> Communications> Portable","> Actifs> Comptes chèques> Amen","NON",""
"09/05/2014","-5.00","RECH TN USSD 09052014 058140508420","","","> Dépenses> Banque> Frais banquaires","> Actifs> Comptes chèques> Amen","NON",""
"07/05/2014","-53.00","CHQ 3577390 FAV ZOUHAIER ABDELKEFI (SHELL","","","> Dépenses> Auto> Essence","> Actifs> Comptes chèques> Amen","NON",""
"06/05/2014","2790.00","ENC 1 CHQ","","","> Dépenses> Avances","> Actifs> Comptes chèques> Amen","NON",""
"05/05/2014","-400.00","ATM EL MENZAH VI       TUNIS","","","> Actifs> Porte-monnaie","> Actifs> Comptes chèques> Amen","NON",""
"05/05/2014","-0.70","CION ENC/ 1 CHQ 7760","","","> Dépenses> Banque> Frais banquaires","> Actifs> Comptes chèques> Amen","NON",""
"05/05/2014","-0.13","TVA SUR CION ENCAISSEMENT","","","> Dépenses> Banque> Frais banquaires","> Actifs> Comptes chèques> Amen","NON",""
"02/05/2014","-138.00","STE ALL SPORT","chaussures sport","","> Dépenses> Achats & Shopping> Vêtements","> Actifs> Comptes chèques> Amen","NON",""
"02/05/2014","-100.00","DAB CACS AB","","","> Actifs> Porte-monnaie","> Actifs> Comptes chèques> Amen","NON",""
"01/05/2014","-2850.00","CHQ 3577389 FAV TUNISIE VALEURS","","","> Dépenses> Avances","> Actifs> Comptes chèques> Amen","NON",""
"30/04/2014","-80.00","CION.CARTE 04/14","","","> Dépenses> Banque> Frais banquaires","> Actifs> Comptes chèques> Amen","NON",""
"30/04/2014","-20.00","CION.CARTE 04/14","","","> Dépenses> Banque> Frais banquaires","> Actifs> Comptes chèques> Amen","NON",""
"29/04/2014","-20.00","DAB BNA DU 22.04.14","","","> Actifs> Porte-monnaie","> Actifs> Comptes chèques> Amen","NON",""
"29/04/2014","-0.90","CION DAB 22.04.14","","","> Dépenses> Banque> Frais banquaires","> Actifs> Comptes chèques> Amen","NON",""
"29/04/2014","-0.16","TVA DAB 22.04.14","","","> Dépenses> Banque> Frais banquaires","> Actifs> Comptes chèques> Amen","NON",""
"28/04/2014","-494.44","INT/ CREDIT LONG TERME HABITAT DU 27/04/2","","","> Crédits> Appartement","> Actifs> Comptes chèques> Amen","NON",""
"28/04/2014","-276.57","REGLEMENT  EFFET  AU : 27042014","","","> Crédits> Appartement","> Actifs> Comptes chèques> Amen","NON",""
"28/04/2014","-51.00","CHQ 3577388 FAV HATEM TAKALI -OIL LIBYA","","","> Dépenses> Auto> Essence","> Actifs> Comptes chèques> Amen","NON",""
"28/04/2014","-20.00","DAB CACS AUTRE BQ","","","> Actifs> Porte-monnaie","> Actifs> Comptes chèques> Amen","NON",""
"28/04/2014","-4.00","CION  AMENNET P1 04/14","","","> Dépenses> Banque> Frais banquaires","> Actifs> Comptes chèques> Amen","NON",""
"28/04/2014","-2.95","CION/REGLEMENT EFFET","","","> Dépenses> Banque> Frais banquaires","> Actifs> Comptes chèques> Amen","NON",""
"28/04/2014","-0.90","CION/RET DAB","","","> Dépenses> Banque> Frais banquaires","> Actifs> Comptes chèques> Amen","NON",""
"28/04/2014","-0.72","TVA SUR AMENNET P1 04/14","","","> Dépenses> Banque> Frais banquaires","> Actifs> Comptes chèques> Amen","NON",""
"28/04/2014","-0.16","TVA/CION RET DAB","","","> Dépenses> Banque> Frais banquaires","> Actifs> Comptes chèques> Amen","NON",""
"25/04/2014","-1.42","CION/VIRT RECU","","","> Dépenses> Banque> Frais banquaires","> Actifs> Comptes chèques> Amen","NON",""
"25/04/2014","4288.49","VIR O/ST MICRO ELECTRONICS S.A","","","> Revenus> Salaires","> Actifs> Comptes chèques> Amen","NON",""
"15/04/2014","-15.00","STE HAMTEL","","","> Dépenses> Quotidien> Communications> Portable","> Actifs> Comptes chèques> Amen","NON",""
"08/04/2014","-55.00","CHQ 3577387 FAV DALENDA GATTAS SHELL SOUK","","","> Dépenses> Auto> Essence","> Actifs> Comptes chèques> Amen","NON",""
"07/04/2014","-0.69","INTERET AU  31/03/14","","","> Dépenses> Banque> Frais banquaires","> Actifs> Comptes chèques> Amen","NON",""
"02/04/2014","-20.00","STE HAMTEL","","","> Dépenses> Quotidien> Communications> Portable","> Actifs> Comptes chèques> Amen","NON",""
"02/04/2014","-18.40","SONEDE","","","> Dépenses> Logement> chez moi> Factures","> Actifs> Comptes chèques> Amen","NON",""
"01/04/2014","-11.80","FRAIS TENUE COMPTE AU 31/03/2014","","","> Dépenses> Banque> AGIOS","> Actifs> Comptes chèques> Amen","NON",""
"28/03/2014","-35.00","SHELL ETTADHAMEN","","","> Dépenses> Auto> Essence","> Actifs> Comptes chèques> Amen","NON",""
"27/03/2014","-446.17","INT/ CREDIT LONG TERME HABITAT DU 27/03/2","","","> Crédits> Appartement","> Actifs> Comptes chèques> Amen","NON",""
"27/03/2014","-322.84","REGLEMENT  EFFET  AU : 27032014","","","> Crédits> Appartement","> Actifs> Comptes chèques> Amen","NON",""
"27/03/2014","-4.00","CION  AMENNET P1 03/14","","","> Dépenses> Banque> Frais banquaires","> Actifs> Comptes chèques> Amen","NON",""
"27/03/2014","-2.95","CION/REGLEMENT EFFET","","","> Dépenses> Banque> Frais banquaires","> Actifs> Comptes chèques> Amen","NON",""
"27/03/2014","-1.42","CION/VIRT RECU","","","> Dépenses> Banque> Frais banquaires","> Actifs> Comptes chèques> Amen","NON",""
"27/03/2014","-0.72","TVA SUR AMENNET P1 03/14","","","> Dépenses> Banque> Frais banquaires","> Actifs> Comptes chèques> Amen","NON",""
"27/03/2014","1392.53","VIR O/ST MICRO ELECTRONICS S.A","","","> Revenus> Salaires","> Actifs> Comptes chèques> Amen","NON",""
"24/03/2014","-90.00","PIZZERIA LA BOTTEGA","","","> Dépenses> Loisirs> Restaurant","> Actifs> Comptes chèques> Amen","NON",""
"24/03/2014","-43.00","SHELL MENZAH 9","","","> Dépenses> Auto> Essence","> Actifs> Comptes chèques> Amen","NON",""
"17/03/2014","-100.00","DAB CACS AB","","","> Actifs> Porte-monnaie","> Actifs> Comptes chèques> Amen","NON",""
"17/03/2014","-44.50","RESTAURANT DAR EL JELD","","","> Dépenses> Loisirs> Restaurant","> Actifs> Comptes chèques> Amen","NON",""
"17/03/2014","-5.00","RECH TN USSD 17032014 058140315989","","","> Dépenses> Quotidien> Communications> Portable","> Actifs> Comptes chèques> Amen","NON",""
"14/03/2014","-60.00","CHQ 3577384 FAV HATEM TAKALI -OIL LIBYA","","","> Dépenses> Auto> Essence","> Actifs> Comptes chèques> Amen","NON",""
"14/03/2014","-35.70","SONEDE","","","> Dépenses> Logement> chez moi> Factures","> Actifs> Comptes chèques> Amen","NON",""
"12/03/2014","-10.00","RECH TN USSD 12032014 058140312838","","","> Dépenses> Quotidien> Communications> Portable","> Actifs> Comptes chèques> Amen","NON",""
"10/03/2014","-60.00","VERRE SOUFFLE SADIKA","","","> Dépenses> Logement> chez moi> Equipement","> Actifs> Comptes chèques> Amen","NON",""
"10/03/2014","-36.23","MONOPRIX EL MANAR","","","> Dépenses> Quotidien> Produits","> Actifs> Comptes chèques> Amen","NON",""
"03/03/2014","-100.00","DAB CACS AB","","","> Actifs> Porte-monnaie","> Actifs> Comptes chèques> Amen","NON",""
"03/03/2014","-55.00","SHELL","","","> Dépenses> Auto> Essence","> Actifs> Comptes chèques> Amen","NON",""
"03/03/2014","-24.30","STEG","","","> Dépenses> Logement> Autres","> Actifs> Comptes chèques> Amen","NON",""
"03/03/2014","-8.50","STEG","","","> Dépenses> Logement> chez moi> Factures","> Actifs> Comptes chèques> Amen","NON",""
"28/02/2014","-269.00","CHQ 3577382 FAV ULYSSE HYPER DISTRIBUTION","kit casseroles tefal","","> Dépenses> Logement> chez moi> Equipement","> Actifs> Comptes chèques> Amen","NON",""
"27/02/2014","-497.95","INT/ CREDIT LONG TERME HABITAT DU 27/02/2","","","> Crédits> Appartement","> Actifs> Comptes chèques> Amen","NON",""
"27/02/2014","-272.99","REGLEMENT  EFFET  AU : 27022014","","","> Crédits> Appartement","> Actifs> Comptes chèques> Amen","NON",""
"27/02/2014","-2.95","CION/REGLEMENT EFFET","","","> Dépenses> Banque> Frais banquaires","> Actifs> Comptes chèques> Amen","NON",""
"27/02/2014","-1.42","CION/VIRT RECU","","","> Dépenses> Banque> Frais banquaires","> Actifs> Comptes chèques> Amen","NON",""
"27/02/2014","1392.53","VIR O/ST MICRO ELECTRONICS S.A","","","> Revenus> Salaires","> Actifs> Comptes chèques> Amen","NON",""
"26/02/2014","-4.00","CION  AMENNET P1 02/14","","","> Dépenses> Banque> Frais banquaires","> Actifs> Comptes chèques> Amen","NON",""
"26/02/2014","-0.72","TVA SUR AMENNET P1 02/14","","","> Dépenses> Banque> Frais banquaires","> Actifs> Comptes chèques> Amen","NON",""
"25/02/2014","-55.00","CHQ 3577383 FAV MARMECH TAREK","","","> Dépenses> Auto> Essence","> Actifs> Comptes chèques> Amen","NON",""
"24/02/2014","-30.00","STE HAMTEL","","","> Dépenses> Quotidien> Communications> Portable","> Actifs> Comptes chèques> Amen","NON",""
"24/02/2014","-6.00","RECH TN USSD 24022014 058140222853","","","> Dépenses> Quotidien> Communications> Portable","> Actifs> Comptes chèques> Amen","NON",""
"20/02/2014","-5.96","TUNISIANA FACTURES","","","> Dépenses> Quotidien> Communications> Portable","> Actifs> Comptes chèques> Amen","NON",""
"06/02/2014","-270.00","STE MARCH. YALIL PROD","","","> Dépenses> Loisirs> Cinema/theatre","> Actifs> Comptes chèques> Amen","NON",""
"04/02/2014","-5.00","STE HAMTEL","","","> Dépenses> Quotidien> Communications> Portable","> Actifs> Comptes chèques> Amen","NON",""
"03/02/2014","-100.00","DAB CACS AB","","","> Actifs> Porte-monnaie","> Actifs> Comptes chèques> Amen","NON",""
"02/02/2014","-250.01","Solde initial","","","> Divers> Soldes initiaux","> Actifs> Comptes chèques> Amen","NON",""
"30/01/2014","-57.00","SHELL ENNASSER","","","> Dépenses> Auto> Essence","> Actifs> Comptes chèques> Amen","NON",""
"28/01/2014","-4.00","CION  AMENNET P1 01/14","","","> Dépenses> Banque> Frais banquaires","> Actifs> Comptes chèques> Amen","NON",""
"28/01/2014","-0.72","TVA SUR AMENNET P1 01/14","","","> Dépenses> Banque> Frais banquaires","> Actifs> Comptes chèques> Amen","NON",""
"27/01/2014","-271.35","REGLEMENT  EFFET  AU : 27012014","","","> Crédits> Appartement","> Actifs> Comptes chèques> Amen","NON",""
"27/01/2014","-2.95","CION/REGLEMENT EFFET","","","> Dépenses> Banque> Frais banquaires","> Actifs> Comptes chèques> Amen","NON",""
"27/01/2014","-1.42","CION/VIRT RECU","","","> Dépenses> Banque> Frais banquaires","> Actifs> Comptes chèques> Amen","NON",""
"27/01/2014","1392.53","VIR O/ST MICRO ELECTRONICS S.A","","","> Revenus> Salaires","> Actifs> Comptes chèques> Amen","NON",""
"24/01/2014","-501.54","INT/ CREDIT LONG TERME HABITAT DU 27/01/2","","","> Crédits> Appartement","> Actifs> Comptes chèques> Amen","NON",""
"24/01/2014","-150.00","DAB CACS AB","","","> Actifs> Porte-monnaie","> Actifs> Comptes chèques> Amen","NON",""
"20/01/2014","-460.00","ACHAT DU","Abonnement moving (pr 2)","","> Dépenses> Bien être et soins> Sport","> Actifs> Comptes chèques> Amen","NON",""
"20/01/2014","40.00","ENC 1 CHQ","","","> Revenus> apport famille","> Actifs> Comptes chèques> Amen","NON",""
"17/01/2014","-647.31","INT/ CREDIT FINANCEMENT COMPTE DU 20/01/2","","","> Dépenses> Banque> Frais CEA","> Actifs> Comptes chèques> Amen","NON",""
"17/01/2014","-512.97","INT/ CREDIT FINANCEMENT COMPTE DU 20/01/2","","","> Dépenses> Banque> Frais CEA","> Actifs> Comptes chèques> Amen","NON",""
"17/01/2014","-512.97","INT/ CREDIT FINANCEMENT COMPTE DU 20/01/2","","","> Dépenses> Banque> Frais CEA","> Actifs> Comptes chèques> Amen","NON",""
"17/01/2014","-215.45","INT/ CREDIT FINANCEMENT COMPTE DU 20/01/2","","","> Dépenses> Banque> Frais CEA","> Actifs> Comptes chèques> Amen","NON",""
"17/01/2014","-100.00","DAB CACS AB","","","> Actifs> Porte-monnaie","> Actifs> Comptes chèques> Amen","NON",""
"17/01/2014","-0.70","CION ENC/ 1 CHQ 6205","","","> Dépenses> Banque> Frais banquaires","> Actifs> Comptes chèques> Amen","NON",""
"17/01/2014","-0.13","TVA SUR CION ENCAISSEMENT","","","> Dépenses> Banque> Frais banquaires","> Actifs> Comptes chèques> Amen","NON",""
"17/01/2014","2090.00","VERSEMENT 05820140117VER679","","","> Actifs> Porte-monnaie","> Actifs> Comptes chèques> Amen","NON",""
"09/01/2014","-105.00","REST. LE CHATEAU NEUF HAMMAMET","","","> Dépenses> Loisirs> Restaurant","> Actifs> Comptes chèques> Amen","NON",""
"07/01/2014","-1.18","INTERET AU  31/12/13","","","> Dépenses> Banque> Frais banquaires","> Actifs> Comptes chèques> Amen","NON",""
"03/01/2014","-20.00","SONEDE","","","> Dépenses> Logement> chez moi> Factures","> Actifs> Comptes chèques> Amen","NON",""
"03/01/2014","-15.00","ACHAT DU","","","> Dépenses> Quotidien> Communications> Portable","> Actifs> Comptes chèques> Amen","NON",""
"03/01/2014","-5.50","STEG","","","> Dépenses> Logement> chez moi> Factures","> Actifs> Comptes chèques> Amen","NON",""
"31/12/2013","-11.80","FRAIS TENUE COMPTE AU 31/12/2013","","","> Dépenses> Banque> AGIOS","> Actifs> Comptes chèques> Amen","NON",""
"30/12/2013","-46.24","Geant","","","> Dépenses> Quotidien> Produits","> Actifs> Comptes chèques> Amen","NON",""
"30/12/2013","-45.50","Resto Indien","","","> Dépenses> Loisirs> Restaurant","> Actifs> Comptes chèques> Amen","NON",""
"27/12/2013","-285.86","REGLEMENT  EFFET  AU : 27122013","","","> Crédits> Appartement","> Actifs> Comptes chèques> Amen","NON",""
"27/12/2013","-2.95","CION/REGLEMENT EFFET","","","> Dépenses> Banque> Frais banquaires","> Actifs> Comptes chèques> Amen","NON",""
"27/12/2013","-1.42","CION/VIRT RECU","","","> Dépenses> Banque> Frais banquaires","> Actifs> Comptes chèques> Amen","NON",""
"27/12/2013","1766.40","VIR O/ST MICRO ELECTRONICS S.A","","","> Revenus> Salaires","> Actifs> Comptes chèques> Amen","NON",""
"26/12/2013","-487.01","INT/ CREDIT LONG TERME HABITAT DU 27/12/2","","","> Crédits> Appartement","> Actifs> Comptes chèques> Amen","NON",""
"26/12/2013","-4.00","CION  AMENNET P1 12/13","","","> Dépenses> Banque> Frais banquaires","> Actifs> Comptes chèques> Amen","NON",""
"26/12/2013","-0.72","TVA SUR AMENNET P1 12/13","","","> Dépenses> Banque> Frais banquaires","> Actifs> Comptes chèques> Amen","NON",""
"16/12/2013","-195.00","CRK","","","> Dépenses> Achats & Shopping> Cadeaux> Moi","> Actifs> Comptes chèques> Amen","NON",""
"16/12/2013","-140.00","CHQ 3577380 FAV MEDITERRANEE TOURHOTEL MADISON","","","> Dépenses> Loisirs> Restaurant","> Actifs> Comptes chèques> Amen","NON",""
"13/12/2013","0.00","CHQ 3577378 FAV STE AMBRE  ,,12/12/2013, 65","","000 ,","> Dépenses> Banque> Frais banquaires","> Actifs> Comptes chèques> Amen","NON",""
"13/12/2013","-59.00","CHQ 3577379 FAV TRIMECH ZOUHEIR","crk","","> Dépenses> Achats & Shopping> Cadeaux> Moi","> Actifs> Comptes chèques> Amen","NON",""
"09/12/2013","-80.00","CHQ 3577377 FAV MR GRATI FETHI REST","","3577377","> Dépenses> Loisirs> Bar","> Actifs> Comptes chèques> Amen","NON",""
"04/12/2013","-53.00","CHQ 3422125 FAV SEGPV","","3422125","> Dépenses> Auto> Essence","> Actifs> Comptes chèques> Amen","NON",""
"04/12/2013","-30.00","DAB CACS AB 075 03.12.13","","","> Actifs> Porte-monnaie","> Actifs> Comptes chèques> Amen","NON",""
"03/12/2013","-6400.00","VIR FAV/ 07807008110110116778","","","> Dépenses> Banque> Frais CEA","> Actifs> Comptes chèques> Amen","NON",""
"03/12/2013","-59.00","ACHAT DU 02.12.13","","","> Dépenses> Auto> Essence","> Actifs> Comptes chèques> Amen","NON",""
"03/12/2013","-10.00","CION CRéATION T.C  35860325131390704018","","N T.C","> Dépenses> Banque> Frais CEA","> Actifs> Comptes chèques> Amen","NON",""
"03/12/2013","-2.36","CION/VIRT ORDONNE","","","> Dépenses> Banque> Frais CEA","> Actifs> Comptes chèques> Amen","NON",""
"03/12/2013","-1.80","TVA / CION CRéATION T.C  3586032513139070","","RéATION","> Dépenses> Banque> Frais CEA","> Actifs> Comptes chèques> Amen","NON",""
"03/12/2013","6400.00","DEBLOCAGE CREDIT  REF 3586032513139070401","","EDIT  R","> Dépenses> Banque> Frais CEA","> Actifs> Comptes chèques> Amen","NON",""
"02/12/2013","-392.60","JULES","","","> Dépenses> Achats & Shopping> Vêtements","> Actifs> Comptes chèques> Amen","NON",""
"02/12/2013","-5.00","RECH TN USSD 01.12.13 23302563","","3302563","> Dépenses> Quotidien> Communications> Portable","> Actifs> Comptes chèques> Amen","NON",""
"28/11/2013","-268.02","REGLEMENT  EFFET  AU : 27.11.13","","","> Crédits> Appartement","> Actifs> Comptes chèques> Amen","NON",""
"28/11/2013","-2.95","CION/REGLEMENT EFFET","","","> Dépenses> Banque> Frais banquaires","> Actifs> Comptes chèques> Amen","NON",""
"28/11/2013","-1.42","CION / VIRT RECU","","","> Dépenses> Banque> Frais banquaires","> Actifs> Comptes chèques> Amen","NON",""
"28/11/2013","1755.35","VIR O/ ST MICRO ELECTRONICS S.A      HAMZ","","","> Revenus> Salaires","> Actifs> Comptes chèques> Amen","NON",""
"27/11/2013","-499.56","INT/ CREDIT LONG TERME HABITAT DU 27/11/2","","LONG TE","> Crédits> Appartement","> Actifs> Comptes chèques> Amen","NON",""
"27/11/2013","-169.80","CHQ 3577376 FAV DISTRICT STEG ARIANA","","3577376","> Dépenses> Logement> chez moi> Factures","> Actifs> Comptes chèques> Amen","NON",""
"27/11/2013","-8.00","CION AUT PROV DECOUVERT","","","> Dépenses> Banque> Frais banquaires","> Actifs> Comptes chèques> Amen","NON",""
"27/11/2013","-1.44","TVA/CION AUT PROV DECOUVERT","","","> Dépenses> Banque> Frais banquaires","> Actifs> Comptes chèques> Amen","NON",""
"27/11/2013","59.00","Remboursement surcout frais juridique cea","","","> Dépenses> Banque> Frais CEA","> Actifs> Comptes chèques> Amen","NON",""
"26/11/2013","-50.00","ATM EL MENZAH VI       TUNIS","",".13 OPE","> Actifs> Porte-monnaie","> Actifs> Comptes chèques> Amen","NON",""
"26/11/2013","-4.00","CION  AMENNET P1 11/13","","T P1 11","> Dépenses> Banque> Frais banquaires","> Actifs> Comptes chèques> Amen","NON",""
"26/11/2013","-0.72","TVA SUR AMENNET P1 11/13","","NET P1","> Dépenses> Banque> Frais banquaires","> Actifs> Comptes chèques> Amen","NON",""
"26/11/2013","330.00","VERSEMENT","","","> Actifs> Porte-monnaie","> Actifs> Comptes chèques> Amen","NON",""
"25/11/2013","400.00","VERSEMENT","","","> Actifs> Porte-monnaie","> Actifs> Comptes chèques> Amen","NON",""
"22/11/2013","-48.00","COMMISSION DE RECHERCHE ET DE MONTAGE FIN","","E RECHE","> Dépenses> Banque> Frais CEA","> Actifs> Comptes chèques> Amen","NON",""
"22/11/2013","-8.64","TVA / COMMISSION DE RECHERCHE ET DE MONTA","","SION DE","> Dépenses> Banque> Frais CEA","> Actifs> Comptes chèques> Amen","NON",""
"22/11/2013","-5.00","MSM MAAROUF SERVICE   BENAROUSSE","","1.13 OP","> Dépenses> Quotidien> Communications> Portable","> Actifs> Comptes chèques> Amen","NON",""
"21/11/2013","-336.00","CHQ 3422124 FAV MAITRE SIHEM KEFI (garage)","garage","3422124","> Actifs> Maison","> Actifs> Comptes chèques> Amen","NON",""
"21/11/2013","-37.00","AKMEN GAMES           TUNIS","fatouma 1 an","16/11/2013","> Dépenses> Achats & Shopping> Cadeaux> Amis","> Actifs> Comptes chèques> Amen","NON",""
"21/11/2013","-8.00","CION AUT PROV DECOUVERT","","","> Dépenses> Banque> Frais banquaires","> Actifs> Comptes chèques> Amen","NON",""
"21/11/2013","-1.44","TVA/CION AUT PROV DECOUVERT","","","> Dépenses> Banque> Frais banquaires","> Actifs> Comptes chèques> Amen","NON",""
"21/11/2013","160.00","ENC 0001 CHQ 20.11","dorsaf","","> Dépenses> Avances","> Actifs> Comptes chèques> Amen","NON",""
"20/11/2013","-120.00","CHQ 3422123 FAV TRESORIER GENERAL","","3422123","> Dépenses> Banque> Frais CEA","> Actifs> Comptes chèques> Amen","NON",""
"20/11/2013","-2.00","CION AUT PROV DECOUVERT","","","> Dépenses> Banque> Frais banquaires","> Actifs> Comptes chèques> Amen","NON",""
"20/11/2013","-0.70","CION ENC/ 0000001 CHQ 4001","","0000001","> Dépenses> Banque> Frais banquaires","> Actifs> Comptes chèques> Amen","NON",""
"20/11/2013","-0.36","TVA/CION AUT PROV DECOUVERT","","","> Dépenses> Banque> Frais banquaires","> Actifs> Comptes chèques> Amen","NON",""
"20/11/2013","-0.13","TVA SUR CION ENCAISSEMENT","","0000001","> Dépenses> Banque> Frais banquaires","> Actifs> Comptes chèques> Amen","NON",""
"19/11/2013","-200.00","CION  REDACTION ACTE JURIDIQUE","","ION ACT","> Dépenses> Banque> Frais CEA","> Actifs> Comptes chèques> Amen","NON",""
"19/11/2013","-36.00","TVA /CION  REDACTION ACTE JURIDIQUE","","EDACTIO","> Dépenses> Banque> Frais CEA","> Actifs> Comptes chèques> Amen","NON",""
"18/11/2013","-57.00","CHQ 3422122 FAV SOCIETE ALMERIA","","3422122","> Dépenses> Auto> Essence","> Actifs> Comptes chèques> Amen","NON",""
"11/11/2013","-500.00","CHQ 3422121 FAV H.R CREATIVE","racem","3422121","> Dépenses> Avances","> Actifs> Comptes chèques> Amen","NON",""
"11/11/2013","-39.80","STEG                  TUNIS","","","> Dépenses> Logement> chez moi> Factures","> Actifs> Comptes chèques> Amen","NON",""
"08/11/2013","500.00","VERSEMENT","racem","","> Dépenses> Avances","> Actifs> Comptes chèques> Amen","NON",""
"04/11/2013","-200.00","ATM EL MANAR CAMPUS    TUNIS","","","> Actifs> Porte-monnaie","> Actifs> Comptes chèques> Amen","NON",""
"04/11/2013","-12.00","ACHAT DU 02.11.13","","","> Dépenses> Quotidien> Communications> Portable","> Actifs> Comptes chèques> Amen","NON",""
"30/10/2013","-100.00","ATM EL MANAR CAMPUS    TUNIS","",".13 OPE","> Actifs> Porte-monnaie","> Actifs> Comptes chèques> Amen","NON",""
"29/10/2013","-282.66","REGLEMENT  EFFET  AU : 27.10.13","","","> Crédits> Appartement","> Actifs> Comptes chèques> Amen","NON",""
"29/10/2013","-4.00","CION  AMENNET P1 10/13","","T P1 10","> Dépenses> Banque> Frais banquaires","> Actifs> Comptes chèques> Amen","NON",""
"29/10/2013","-2.95","CION/REGLEMENT EFFET","","","> Dépenses> Banque> Frais banquaires","> Actifs> Comptes chèques> Amen","NON",""
"29/10/2013","-1.42","CION / VIRT RECU","","","> Dépenses> Banque> Frais banquaires","> Actifs> Comptes chèques> Amen","NON",""
"29/10/2013","-0.72","TVA SUR AMENNET P1 10/13","","NET P1","> Dépenses> Banque> Frais banquaires","> Actifs> Comptes chèques> Amen","NON",""
"29/10/2013","1059.16","VIR O/ ST MICRO ELECTRONICS S.A      HAMZ","","","> Revenus> Salaires","> Actifs> Comptes chèques> Amen","NON",""
"28/10/2013","-488.95","INT/ CREDIT LONG TERME HABITAT DU 27/10/2","","LONG TE","> Crédits> Appartement","> Actifs> Comptes chèques> Amen","NON",""
"25/10/2013","-55.00","SHELL MENZAH 9","","","> Dépenses> Auto> Essence","> Actifs> Comptes chèques> Amen","NON",""
"14/10/2013","-85.00","CHQ 3422117 FAV MR GRATI FETHI REST","ghassen","3422117","> Dépenses> Loisirs> Bar","> Actifs> Comptes chèques> Amen","NON",""
"14/10/2013","-5.00","MSM MAAROUF SERVICE","","","> Dépenses> Quotidien> Communications> Portable","> Actifs> Comptes chèques> Amen","NON",""
"14/10/2013","-5.00","MSM MAAROUF SERVICE","","","> Dépenses> Quotidien> Communications> Portable","> Actifs> Comptes chèques> Amen","NON",""
"11/10/2013","-1.42","CION / VIRT RECU","","","> Dépenses> Banque> Frais banquaires","> Actifs> Comptes chèques> Amen","NON",""
"11/10/2013","26.00","VIR O/ AON  TUNISIE                  HAMZ","","","> Dépenses> Santé","> Actifs> Comptes chèques> Amen","NON",""
"09/10/2013","-57.00","CHQ 3422115 FAV ABDELKEFI ZOUHA","","3422115","> Dépenses> Auto> Essence","> Actifs> Comptes chèques> Amen","NON",""
"09/10/2013","-0.97","INTERET AU  30/09/13","","30/09/1","> Dépenses> Banque> Frais banquaires","> Actifs> Comptes chèques> Amen","NON",""
"03/10/2013","-156.00","CHQ 3422114 FAV DAHMEN ADEL - C.D.P.","batterie","3422114","> Dépenses> Auto> Entretien","> Actifs> Comptes chèques> Amen","NON",""
"03/10/2013","-21.90","SONEDE","","","> Dépenses> Logement> chez moi> Factures","> Actifs> Comptes chèques> Amen","NON",""
"02/10/2013","-200.00","DAB AB 28.09.13 OPE 686861","",".13 OPE","> Actifs> Porte-monnaie","> Actifs> Comptes chèques> Amen","NON",""
"01/10/2013","-11.80","FRAIS TENUE COMPTE AU 30/09/2013","","COMPTE","> Dépenses> Banque> AGIOS","> Actifs> Comptes chèques> Amen","NON",""
"27/09/2013","-1.42","CION / VIRT RECU","","","> Dépenses> Banque> Frais banquaires","> Actifs> Comptes chèques> Amen","NON",""
"27/09/2013","1527.82","VIR O/ ST MICRO ELECTRONICS S.A      HAMZ","","","> Revenus> Salaires","> Actifs> Comptes chèques> Amen","NON",""
"27/09/2013","-508.62","INT/ CREDIT LONG TERME HABITAT DU 27/09/2","","LONG TE","> Crédits> Appartement","> Actifs> Comptes chèques> Amen","NON",""
"27/09/2013","-264.73","REGLEMENT  EFFET  AU : 27.09.13","","","> Crédits> Appartement","> Actifs> Comptes chèques> Amen","NON",""
"27/09/2013","-59.00","CHQ 3422113 FAV ABDELKEFI ZOUHA","","3422113","> Dépenses> Auto> Essence","> Actifs> Comptes chèques> Amen","NON",""
"27/09/2013","-4.00","CION  AMENNET P1 09/13","","T P1 09","> Dépenses> Banque> Frais banquaires","> Actifs> Comptes chèques> Amen","NON",""
"27/09/2013","-2.95","CION/REGLEMENT EFFET","","","> Dépenses> Banque> Frais banquaires","> Actifs> Comptes chèques> Amen","NON",""
"27/09/2013","-1.42","CION / VIRT RECU","","","> Dépenses> Banque> Frais banquaires","> Actifs> Comptes chèques> Amen","NON",""
"27/09/2013","-0.72","TVA SUR AMENNET P1 09/13","","NET P1","> Dépenses> Banque> Frais banquaires","> Actifs> Comptes chèques> Amen","NON",""
"26/09/2013","-100.00","CHQ 3422109 FAV KANZARI ABDELLAZIZ","","3422109","> Dépenses> Santé","> Actifs> Comptes chèques> Amen","NON",""
"19/09/2013","-62.20","STEG","","","> Dépenses> Logement> chez moi> Factures","> Actifs> Comptes chèques> Amen","NON",""
"16/09/2013","-12.90","STE LA VILLA","dorra (lustre)","","> Dépenses> Achats & Shopping> Cadeaux> Amis","> Actifs> Comptes chèques> Amen","NON",""
"13/09/2013","-36.00","HOTEL SHERATON TUNIS  TUNIS BELV","","07/09/2013","> Dépenses> Bien être et soins> Massage / SPA","> Actifs> Comptes chèques> Amen","NON",""
"09/09/2013","-62.00","CHQ 3422112 FAV SOCIETE MEDITERRANEO","","3422112","> Dépenses> Loisirs> Restaurant","> Actifs> Comptes chèques> Amen","NON",""
"09/09/2013","-51.00","OILIBYA ESSASSI MED SGEL OUARDIA","","","> Dépenses> Auto> Essence","> Actifs> Comptes chèques> Amen","NON",""
"09/09/2013","-42.64","MONOPRIX EL MANAR","","","> Dépenses> Quotidien> Produits","> Actifs> Comptes chèques> Amen","NON",""
"06/09/2013","-2000.00","CHQ 3422110 FAV TUNISIE VALEURS","","3422110","> Actifs> Placement> Bourse> Compte bourse moon","> Actifs> Comptes chèques> Amen","NON",""
"06/09/2013","-50.00","ATM ENNASR","","","> Actifs> Porte-monnaie","> Actifs> Comptes chèques> Amen","NON",""
"05/09/2013","-10.00","MSM MAAROUF SERVICE","","","> Dépenses> Quotidien> Communications> Portable","> Actifs> Comptes chèques> Amen","NON",""
"04/09/2013","-40.00","CHQ 3422108 FAV AMMAR            KAR","","3422108","> Dépenses> Auto> Essence","> Actifs> Comptes chèques> Amen","NON",""
"02/09/2013","-58.27","CHQ 3422107 FAV STE BLUE MOTORS SARL","70000","3422107","> Dépenses> Auto> Entretien","> Actifs> Comptes chèques> Amen","NON",""
"02/09/2013","-50.00","SNDP 3","","","> Dépenses> Auto> Essence","> Actifs> Comptes chèques> Amen","NON",""
"02/09/2013","-5.00","RECH TN USSD 30.08.13 23302563","","3302563","> Dépenses> Quotidien> Communications> Portable","> Actifs> Comptes chèques> Amen","NON",""
"30/08/2013","295.00","ANN ACHAT 16.08.13","","","> Dépenses> Achats & Shopping> Vêtements","> Actifs> Comptes chèques> Amen","NON",""
"29/08/2013","-10.00","MSM MAAROUF SERVICE   BENAROUSSE","","","> Dépenses> Quotidien> Communications> Portable","> Actifs> Comptes chèques> Amen","NON",""
"29/08/2013","-1.42","CION / VIRT RECU","","","> Dépenses> Banque> Frais banquaires","> Actifs> Comptes chèques> Amen","NON",""
"29/08/2013","1718.41","VIR O/ ST MICRO ELECTRONICS S.A      HAMZ","","","> Revenus> Salaires","> Actifs> Comptes chèques> Amen","NON",""
"28/08/2013","-55.00","CHQ 3422106 FAV BELKHIR KAMEL EDDINE","","3422106","> Dépenses> Auto> Essence","> Actifs> Comptes chèques> Amen","NON",""
"28/08/2013","-4.00","CION  AMENNET P1 08/13","","T P1 08","> Dépenses> Banque> Frais banquaires","> Actifs> Comptes chèques> Amen","NON",""
"28/08/2013","-0.72","TVA SUR AMENNET P1 08/13","","NET P1","> Dépenses> Banque> Frais banquaires","> Actifs> Comptes chèques> Amen","NON",""
"27/08/2013","-509.03","INT/ CREDIT LONG TERME HABITAT DU 27/08/2","","LONG TE","> Crédits> Appartement","> Actifs> Comptes chèques> Amen","NON",""
"27/08/2013","-263.14","REGLEMENT  EFFET  AU : 27.08.13","","","> Crédits> Appartement","> Actifs> Comptes chèques> Amen","NON",""
"27/08/2013","-2.95","CION/REGLEMENT EFFET","","","> Dépenses> Banque> Frais banquaires","> Actifs> Comptes chèques> Amen","NON",""
"26/08/2013","-91.00","CHQ 3422103 FAV RESTAURANT LA DAURAD","","3422103","> Dépenses> Loisirs> Restaurant","> Actifs> Comptes chèques> Amen","NON",""
"26/08/2013","-55.00","ESSO SORTIE SUD       TUNIS","","PE DU 2","> Dépenses> Auto> Essence","> Actifs> Comptes chèques> Amen","NON",""
"23/08/2013","-200.00","GAB BZ SIDI BOU SAID","","","> Actifs> Porte-monnaie","> Actifs> Comptes chèques> Amen","NON",""
"23/08/2013","-100.00","GAB BZ SIDI BOU SAID","","","> Actifs> Porte-monnaie","> Actifs> Comptes chèques> Amen","NON",""
"23/08/2013","-75.00","FESTIVAL EL JEM       EL JEM","","","> Dépenses> Loisirs> Cinema/theatre","> Actifs> Comptes chèques> Amen","NON",""
"23/08/2013","-40.00","TOTAL ALMERIA BOUTIQUE  GROMBALIA","","","> Dépenses> Auto> Essence","> Actifs> Comptes chèques> Amen","NON",""
"23/08/2013","-1.36","CION/RET DAB","","","> Dépenses> Banque> Frais banquaires","> Actifs> Comptes chèques> Amen","NON",""
"23/08/2013","-1.10","CION/RET DAB","","","> Dépenses> Banque> Frais banquaires","> Actifs> Comptes chèques> Amen","NON",""
"23/08/2013","-0.24","TVA/CION RET DAB","","","> Dépenses> Banque> Frais banquaires","> Actifs> Comptes chèques> Amen","NON",""
"23/08/2013","-0.20","TVA/CION RET DAB","","","> Dépenses> Banque> Frais banquaires","> Actifs> Comptes chèques> Amen","NON",""
"23/08/2013","0.24","ANN TVA/CION RET DAB","","","> Dépenses> Banque> Frais banquaires","> Actifs> Comptes chèques> Amen","NON",""
"23/08/2013","1.36","ANN CION DAB AUTRE BQ","","","> Dépenses> Banque> Frais banquaires","> Actifs> Comptes chèques> Amen","NON",""
"23/08/2013","200.00","ANN DAB CACS AUT.BQ     22.08.13","","","> Actifs> Porte-monnaie","> Actifs> Comptes chèques> Amen","NON",""
"20/08/2013","-900.00","CHQ 3422101 FAV SOCIETE CLICAR SUARL","papa","3422101","> Dépenses> Avances","> Actifs> Comptes chèques> Amen","NON",""
"19/08/2013","-295.00","STE GARDEROBE         MANAR (EL)","","","> Dépenses> Achats & Shopping> Vêtements","> Actifs> Comptes chèques> Amen","NON",""
"19/08/2013","-280.00","REST.SPORT NAUTIQUE BIZERTE","","","> Dépenses> Loisirs> Restaurant","> Actifs> Comptes chèques> Amen","NON",""
"16/08/2013","-55.00","SHELL MENZAH 9        TUNIS","","","> Dépenses> Auto> Essence","> Actifs> Comptes chèques> Amen","NON",""
"15/08/2013","-42.60","GEANT TUNIS CITY      ARIANA","","","> Dépenses> Quotidien> Alimentation","> Actifs> Comptes chèques> Amen","NON",""
"15/08/2013","-13.70","STAF LA FETE          LA SOUKRA","","","> Dépenses> Loisirs> Sorties","> Actifs> Comptes chèques> Amen","NON",""
"15/08/2013","-10.00","MSM MAAROUF SERVICE   BENAROUSSE","","","> Dépenses> Quotidien> Communications> Portable","> Actifs> Comptes chèques> Amen","NON",""
"14/08/2013","-104.50","STE MARIOT            MENZAH 9","halloula","","> Dépenses> Avances","> Actifs> Comptes chèques> Amen","NON",""
"14/08/2013","-42.84","CLINIQUE TAOUFIK      TUNIS","","PE DU 0","> Dépenses> Santé","> Actifs> Comptes chèques> Amen","NON",""
"12/08/2013","-400.00","ATM EL MANAR CAMPUS    TUNIS","","","> Actifs> Porte-monnaie","> Actifs> Comptes chèques> Amen","NON",""
"12/08/2013","-58.80","CHQ 2223400 FAV STE POLYCLINIQUE ETT","","2223400","> Dépenses> Santé","> Actifs> Comptes chèques> Amen","NON",""
"12/08/2013","-55.00","STATION OILYBIA.MANAR EL MANAR III","","","> Dépenses> Auto> Essence","> Actifs> Comptes chèques> Amen","NON",""
"12/08/2013","-24.85","MONOPRIX EL MANAR     MANAR (EL)","","","> Dépenses> Quotidien> Alimentation","> Actifs> Comptes chèques> Amen","NON",""
"06/08/2013","-50.00","CHQ 2223399 FAV MOUNIR TAKALI  - OIL","","2223399","> Dépenses> Auto> Essence","> Actifs> Comptes chèques> Amen","NON",""
"02/08/2013","-55.00","CHQ 2223398 FAV 0","","2223398","> Dépenses> Auto> Essence","> Actifs> Comptes chèques> Amen","NON",""
"02/08/2013","-10.89","CARREFOUR  PHENICIA  MAN","","7.13 OP","> Dépenses> Quotidien> Alimentation","> Actifs> Comptes chèques> Amen","NON",""
"01/08/2013","-10.00","MSM MAAROUF SERVICE   BENAROUSSE   TUN","","","> Dépenses> Quotidien> Communications> Portable","> Actifs> Comptes chèques> Amen","NON",""
"30/07/2013","-445.61","INT/ CREDIT LONG TERME HABITAT DU 27/07/2","","LONG TE","> Crédits> Appartement","> Actifs> Comptes chèques> Amen","NON",""
"30/07/2013","-327.19","REGLEMENT  EFFET  AU : 27.07.13","","","> Crédits> Appartement","> Actifs> Comptes chèques> Amen","NON",""
"30/07/2013","-100.00","DAB AB 24.07.13 OPE 816191","",".13 OPE","> Actifs> Porte-monnaie","> Actifs> Comptes chèques> Amen","NON",""
"30/07/2013","-4.00","CION  AMENNET P1 07/13","","T P1 07","> Dépenses> Banque> Frais banquaires","> Actifs> Comptes chèques> Amen","NON",""
"30/07/2013","-2.95","CION/REGLEMENT EFFET","","","> Dépenses> Banque> Frais banquaires","> Actifs> Comptes chèques> Amen","NON",""
"30/07/2013","-1.42","CION / VIRT RECU","","","> Dépenses> Banque> Frais banquaires","> Actifs> Comptes chèques> Amen","NON",""
"30/07/2013","-0.72","TVA SUR AMENNET P1 07/13","","NET P1","> Dépenses> Banque> Frais banquaires","> Actifs> Comptes chèques> Amen","NON",""
"30/07/2013","1727.66","VIR O/ ST MICRO ELECTRONICS S.A      HAMZ","","","> Revenus> Salaires","> Actifs> Comptes chèques> Amen","NON",""
"30/07/2013","10000.00","ENC 0001 CHQ 29.07","remboursement ktari","","> Actifs> Maison","> Actifs> Comptes chèques> Amen","NON",""
"29/07/2013","-100.00","DAB CACS AB 041 28.07.13","","","> Actifs> Porte-monnaie","> Actifs> Comptes chèques> Amen","NON",""
"29/07/2013","-10.00","RECH TN USSD 26.07.13 23302563","amis","3302563","> Dépenses> Avances","> Actifs> Comptes chèques> Amen","NON",""
"29/07/2013","-1.40","CION ENC/ 0000002 CHQ 2102","","0000002","> Dépenses> Banque> Frais banquaires","> Actifs> Comptes chèques> Amen","NON",""
"29/07/2013","-0.25","TVA SUR CION ENCAISSEMENT","","0000002","> Dépenses> Banque> Frais banquaires","> Actifs> Comptes chèques> Amen","NON",""
"24/07/2013","-55.91","CARREFOUR TUNIS       TUNIS","","","> Dépenses> Quotidien> Alimentation","> Actifs> Comptes chèques> Amen","NON",""
"23/07/2013","-50.00","SHELL MENZAH 9        TUNIS","","","> Dépenses> Auto> Essence","> Actifs> Comptes chèques> Amen","NON",""
"23/07/2013","-50.00","DAB CACS AB 082 22.07.13","","","> Actifs> Porte-monnaie","> Actifs> Comptes chèques> Amen","NON",""
"23/07/2013","-27.67","TPE DU  16.07.13 OPE 000000","","7.13 OP","> Dépenses> Quotidien> Produits","> Actifs> Comptes chèques> Amen","NON",""
"22/07/2013","-36.00","OCTAVE                EL MENZAH 5","gateau chez hela","","> Dépenses> Achats & Shopping> Cadeaux> Amis","> Actifs> Comptes chèques> Amen","NON",""
"22/07/2013","-15.84","GEANT TUNIS CITY      ARIANA","","","> Dépenses> Quotidien> Alimentation","> Actifs> Comptes chèques> Amen","NON",""
"22/07/2013","-5.00","MSM MAAROUF SERVICE   BENAROUSSE","","","> Dépenses> Quotidien> Communications> Portable","> Actifs> Comptes chèques> Amen","NON",""
"19/07/2013","-80.00","CHQ 2223396 FAV STE DE QUINCAILLERIE (disjoncteur diff)","disjoncteur diff","2223396","> Dépenses> Logement> chez moi","> Actifs> Comptes chèques> Amen","NON",""
"18/07/2013","-55.00","CHQ 2223395 FAV STE ESSALAMA","","2223395","> Dépenses> Auto> Essence","> Actifs> Comptes chèques> Amen","NON",""
"17/07/2013","-820.00","CHQ 2223393 FAV JAMII  ZINA (clim)","climatiseur","2223393","> Dépenses> Logement> chez moi","> Actifs> Comptes chèques> Amen","NON",""
"17/07/2013","-35.83","CHQ 2223394 FAV CLINIQUE EL AMEN","arthro scanner","2223394","> Dépenses> Santé","> Actifs> Comptes chèques> Amen","NON",""
"17/07/2013","-10.00","MSM MAAROUF SERVICE   BENAROUSSE","","","> Dépenses> Quotidien> Communications> Portable","> Actifs> Comptes chèques> Amen","NON",""
"11/07/2013","-49.00","CHQ 2223392 FAV SEGPV","","2223392","> Dépenses> Auto> Essence","> Actifs> Comptes chèques> Amen","NON",""
"09/07/2013","-1.40","CION ENC/ 0000002 CHQ 1831","","0000002","> Dépenses> Banque> Frais banquaires","> Actifs> Comptes chèques> Amen","NON",""
"09/07/2013","-0.25","TVA SUR CION ENCAISSEMENT","","0000002","> Dépenses> Banque> Frais banquaires","> Actifs> Comptes chèques> Amen","NON",""
"08/07/2013","-77.00","RESTAURANT LE GOLF","","","> Dépenses> Loisirs> Restaurant","> Actifs> Comptes chèques> Amen","NON",""
"08/07/2013","-55.00","SHELL ETTADHAMEN  STE CITE ETTADA","","","> Dépenses> Auto> Essence","> Actifs> Comptes chèques> Amen","NON",""
"08/07/2013","-10.50","SONEDE","","","> Dépenses> Logement> chez moi> Factures","> Actifs> Comptes chèques> Amen","NON",""
"08/07/2013","-10.00","CION CRéATION T.C  40700182130190704054","frais banquaires","N T.C","> Actifs> Maison","> Actifs> Comptes chèques> Amen","NON",""
"08/07/2013","-1.80","TVA / CION CRéATION T.C  4070018213019070","","RéATION","> Dépenses> Banque> Frais CEA","> Actifs> Comptes chèques> Amen","NON",""
"08/07/2013","85000.00","DEBLOCAGE CREDIT  REF 4070018213019070405","","EDIT  R","> Crédits> Appartement","> Actifs> Comptes chèques> Amen","NON",""
"05/07/2013","-85000.00","RELIQUAT DE PRIX D'ACQUIS D'UN APPART","","PRIX D'","> Actifs> Maison","> Actifs> Comptes chèques> Amen","NON",""
"04/07/2013","-50.00","TPE DU  27.06.13 OPE 419531","","6.13 OP","> Dépenses> Auto> Essence","> Actifs> Comptes chèques> Amen","NON",""
"04/07/2013","-37.30","STEG","","","> Dépenses> Logement> chez moi> Factures","> Actifs> Comptes chèques> Amen","NON",""
"04/07/2013","5.00","REGUL.RECHARGE LIG.TUNISIANA DU 01072013","","GE LIG.","> Dépenses> Quotidien> Communications> Portable","> Actifs> Comptes chèques> Amen","NON",""
"02/07/2013","-5.00","RECH TN USSD 01.07.13 23302563","","3302563","> Dépenses> Quotidien> Communications> Portable","> Actifs> Comptes chèques> Amen","NON",""
"02/07/2013","-5.00","RECH TN USSD 01.07.13 23302563","","3302563","> Dépenses> Quotidien> Communications> Portable","> Actifs> Comptes chèques> Amen","NON",""
"01/07/2013","-425.00","COMMISSION DE RECHERCHE ET DE MONTAGE FIN","frais dossier credit","E RECHE","> Actifs> Maison","> Actifs> Comptes chèques> Amen","NON",""
"01/07/2013","-188.00","FRANCH CITY SPORT A208","","","> Dépenses> Achats & Shopping> Vêtements","> Actifs> Comptes chèques> Amen","NON",""
"01/07/2013","-79.99","SHOP GALLERY CENTRAL","","","> Dépenses> Achats & Shopping> Cadeaux> Moi","> Actifs> Comptes chèques> Amen","NON",""
"01/07/2013","-76.50","TVA / COMMISSION DE RECHERCHE ET DE MONTA","frais dossier credit","SION DE","> Actifs> Maison","> Actifs> Comptes chèques> Amen","NON",""
"01/07/2013","-60.00","DAB CACS AB 033 30.06.13","","","> Actifs> Porte-monnaie","> Actifs> Comptes chèques> Amen","NON",""
"01/07/2013","-34.90","STE TUNTEX 2","","","> Dépenses> Logement> chez moi","> Actifs> Comptes chèques> Amen","NON",""
"01/07/2013","-11.80","FRAIS TENUE COMPTE AU 30/06/2013","","COMPTE","> Dépenses> Banque> AGIOS","> Actifs> Comptes chèques> Amen","NON",""
"01/07/2013","-5.00","RECH TN USSD 29.06.13 23302563","","3302563","> Dépenses> Quotidien> Communications> Portable","> Actifs> Comptes chèques> Amen","NON",""
"28/06/2013","-50.00","CHQ 2223391 FAV DR BOUELOUDHNINE MAR","","2223391","> Dépenses> Santé","> Actifs> Comptes chèques> Amen","NON",""
"27/06/2013","-5.00","RECH TN USSD 26.06.13 23302563","","3302563","> Dépenses> Quotidien> Communications> Portable","> Actifs> Comptes chèques> Amen","NON",""
"26/06/2013","-3.00","CION  AMENNET P1 06/13","","T P1 06","> Dépenses> Banque> Frais banquaires","> Actifs> Comptes chèques> Amen","NON",""
"26/06/2013","-1.18","CION / VIRT RECU","","","> Dépenses> Banque> Frais banquaires","> Actifs> Comptes chèques> Amen","NON",""
"26/06/2013","-0.54","TVA SUR AMENNET P1 06/13","","NET P1","> Dépenses> Banque> Frais banquaires","> Actifs> Comptes chèques> Amen","NON",""
"26/06/2013","1726.92","VIR O/ ST MICRO ELECTRONICS S.A      HAMZ","","","> Revenus> Salaires","> Actifs> Comptes chèques> Amen","NON",""
"21/06/2013","-5.00","RECH TN USSD 21.06.13 23302563","","3302563","> Dépenses> Quotidien> Communications> Portable","> Actifs> Comptes chèques> Amen","NON",""
"17/06/2013","500.00","ENC 0002 CHQ 09.07","papa: remboursement (resto & v","","> Dépenses> Avances","> Actifs> Comptes chèques> Amen","NON",""
"17/06/2013","-200.00","ATM EL MANAR CAMPUS","","","> Actifs> Porte-monnaie","> Actifs> Comptes chèques> Amen","NON",""
"17/06/2013","-60.00","CAFE VERT LA GOULETTE TUNIS","papa: restaurant","","> Dépenses> Avances","> Actifs> Comptes chèques> Amen","NON",""
"17/06/2013","-52.00","STATION OILYBIA.MANAR EL MANAR III","","","> Dépenses> Auto> Essence","> Actifs> Comptes chèques> Amen","NON",""
"14/06/2013","-330.00","TUNIS AEROPORT","papa: location voiture","","> Dépenses> Avances","> Actifs> Comptes chèques> Amen","NON",""
"14/06/2013","-10.00","MSM MAAROUF SERVICE   BENAROUSSE","","","> Dépenses> Quotidien> Communications> Portable","> Actifs> Comptes chèques> Amen","NON",""
"14/06/2013","-1.69","CION/RET DAB","","","> Dépenses> Banque> Frais banquaires","> Actifs> Comptes chèques> Amen","NON",""
"14/06/2013","-0.30","TVA/CION RET DAB","","","> Dépenses> Banque> Frais banquaires","> Actifs> Comptes chèques> Amen","NON",""
"12/06/2013","-145.00","SOCIETE AMBRE         EL MENZAH IX","basket, short","","> Dépenses> Achats & Shopping> Vêtements","> Actifs> Comptes chèques> Amen","NON",""
"12/06/2013","-100.00","ATM CENTRE URBAIN NORD ARIANA","","","> Actifs> Porte-monnaie","> Actifs> Comptes chèques> Amen","NON",""
"11/06/2013","-131.80","CHQ 2223387 FAV DISTRICT STEG ARIANA","","2223387","> Dépenses> Logement> chez moi> Factures","> Actifs> Comptes chèques> Amen","NON",""
"10/06/2013","-210.00","CHQ 2223388 FAV BARGAOUI         ABD","","2223388","> Actifs> Porte-monnaie","> Actifs> Comptes chèques> Amen","NON",""
"10/06/2013","-5.00","RECH TN USSD 09.06.13 23302563","","3302563","> Dépenses> Quotidien> Communications> Portable","> Actifs> Comptes chèques> Amen","NON",""
"06/06/2013","-454.20","CHQ 2223386 FAV MR MOALLA THAMEUR","Assurance AMI","2223386","> Dépenses> Auto> Assurance/vignette","> Actifs> Comptes chèques> Amen","NON",""
"06/06/2013","-400.00","CHQ 2223385 FAV ZOUARI AFEF (matelas)","Lit et matelats","2223385","> Dépenses> Logement> chez moi","> Actifs> Comptes chèques> Amen","NON",""
"06/06/2013","-56.00","STATION OILYBIA.MANAR EL MANAR III","","","> Dépenses> Auto> Essence","> Actifs> Comptes chèques> Amen","NON",""
"05/06/2013","-400.00","ATM RAOUED","","","> Actifs> Porte-monnaie","> Actifs> Comptes chèques> Amen","NON",""
"05/06/2013","-7.24","CARREFOUR             PHENICIA  MAN","","","> Dépenses> Quotidien> Alimentation","> Actifs> Comptes chèques> Amen","NON",""
"03/06/2013","-200.00","ATM EL MANAR","","","> Actifs> Porte-monnaie","> Actifs> Comptes chèques> Amen","NON",""
"03/06/2013","-39.16","MONOPRIX EL MANAR","","","> Dépenses> Quotidien> Alimentation","> Actifs> Comptes chèques> Amen","NON",""
"03/06/2013","-10.00","MSM MAAROUF SERVICE   BENAROUSSE","","","> Dépenses> Quotidien> Communications> Portable","> Actifs> Comptes chèques> Amen","NON",""
"30/05/2013","-5.00","RECH TN USSD 30.05.13 23302563","","3302563","> Dépenses> Quotidien> Communications> Portable","> Actifs> Comptes chèques> Amen","NON",""
"29/05/2013","-5.00","RECH TN USSD 29.05.13 23302563","","3302563","> Dépenses> Quotidien> Communications> Portable","> Actifs> Comptes chèques> Amen","NON",""
"29/05/2013","-3.00","CION  AMENNET P1 05/13","","T P1 05","> Dépenses> Banque> Frais banquaires","> Actifs> Comptes chèques> Amen","NON",""
"29/05/2013","-1.18","CION / VIRT RECU","","","> Dépenses> Banque> Frais banquaires","> Actifs> Comptes chèques> Amen","NON",""
"29/05/2013","-0.54","TVA SUR AMENNET P1 05/13","","NET P1","> Dépenses> Banque> Frais banquaires","> Actifs> Comptes chèques> Amen","NON",""
"29/05/2013","1819.00","VIR O/ ST MICRO ELECTRONICS S.A      HAMZ","","","> Revenus> Salaires","> Actifs> Comptes chèques> Amen","NON",""
"27/05/2013","-9047.00","CHQ 2223384 FAV TRESORIER GENERAL","Enregistrement contrat de vente","2223384","> Actifs> Maison","> Actifs> Comptes chèques> Amen","NON",""
"27/05/2013","-70.00","DAB CACS AB 082 25.05.13","","","> Actifs> Porte-monnaie","> Actifs> Comptes chèques> Amen","NON",""
"27/05/2013","-0.17","CION SOLDE DAB 25.05.13","","","> Dépenses> Banque> Frais banquaires","> Actifs> Comptes chèques> Amen","NON",""
"27/05/2013","-0.17","CION REL DAB 25.05.13","","","> Dépenses> Banque> Frais banquaires","> Actifs> Comptes chèques> Amen","NON",""
"27/05/2013","-0.03","TVA/CION SOLDE DAB 25.05.13","","","> Dépenses> Banque> Frais banquaires","> Actifs> Comptes chèques> Amen","NON",""
"27/05/2013","-0.03","TVA/CION REL DAB 25.05.13","","","> Dépenses> Banque> Frais banquaires","> Actifs> Comptes chèques> Amen","NON",""
"23/05/2013","-500.00","CHQ 2223383 FAV MAITRE SIHEM KEFI","frais avocat","2223383","> Actifs> Maison","> Actifs> Comptes chèques> Amen","NON",""
"23/05/2013","-19.50","TPE DU  18.05.13 OPE 078787","sheraton","5.13 OP","> Dépenses> Loisirs> Bar","> Actifs> Comptes chèques> Amen","NON",""
"22/05/2013","-5.00","RECH TN USSD 21.05.13 23302563","","3302563","> Dépenses> Quotidien> Communications> Portable","> Actifs> Comptes chèques> Amen","NON",""
"22/05/2013","3230.00","VERSEMENT","attijari","","> Dépenses> Avances","> Actifs> Comptes chèques> Amen","NON",""
"20/05/2013","-5.00","RECH TN USSD 18.05.13 23302563","","3302563","> Dépenses> Quotidien> Communications> Portable","> Actifs> Comptes chèques> Amen","NON",""
"20/05/2013","-0.17","CION SOLDE DAB 18.05.13","","","> Dépenses> Banque> Frais banquaires","> Actifs> Comptes chèques> Amen","NON",""
"20/05/2013","-0.03","TVA/CION SOLDE DAB 18.05.13","","","> Dépenses> Banque> Frais banquaires","> Actifs> Comptes chèques> Amen","NON",""
"17/05/2013","-65.00","FACTURETTE DU 12.05.2013","res belle vue","U 12.05","> Dépenses> Loisirs> Restaurant","> Actifs> Comptes chèques> Amen","NON",""
"17/05/2013","-21.00","TPE DU  11.05.13 OPE 528754","chaussettes","5.13 OP","> Dépenses> Achats & Shopping> Vêtements","> Actifs> Comptes chèques> Amen","NON",""
"16/05/2013","-59.00","OPE 248433 TPE DU 11.05.13","","PE DU 1","> Dépenses> Auto> Essence","> Actifs> Comptes chèques> Amen","NON",""
"16/05/2013","-5.00","RECH TN USSD 15.05.13 23302563","","3302563","> Dépenses> Quotidien> Communications> Portable","> Actifs> Comptes chèques> Amen","NON",""
"15/05/2013","-50.00","DAB AB 13.05.13 OPE 852656","",".13 OPE","> Actifs> Porte-monnaie","> Actifs> Comptes chèques> Amen","NON",""
"14/05/2013","-50.00","DAB AB 10.05.13 OPE 434446","",".13 OPE","> Actifs> Porte-monnaie","> Actifs> Comptes chèques> Amen","NON",""
"13/05/2013","-5.00","RECH TN USSD 12.05.13 23302563","","3302563","> Dépenses> Quotidien> Communications> Portable","> Actifs> Comptes chèques> Amen","NON",""
"10/05/2013","-450.00","CHQ 2223379 FAV BOUGDAR","nouvelle dreambox + abonnement","2223379","> Dépenses> Logement> Autres","> Actifs> Comptes chèques> Amen","NON",""
"10/05/2013","-60.00","CHQ 2223381 FAV BOUGDAR","wifi pour dreambox sd","2223381","> Dépenses> Logement> Cotisations","> Actifs> Comptes chèques> Amen","NON",""
"09/05/2013","-52.00","CHQ 2223382 FAV SEGPV","","2223382","> Dépenses> Auto> Essence","> Actifs> Comptes chèques> Amen","NON",""
"08/05/2013","190.00","ENC 0002 CHQ 07.05","","","> Dépenses> Avances","> Actifs> Comptes chèques> Amen","NON",""
"08/05/2013","4500.00","ENC 0002 CHQ 07.05","attijari","","> Dépenses> Avances","> Actifs> Comptes chèques> Amen","NON",""
"08/05/2013","-200.00","DAB AB 06.05.13 OPE 199268","",".13 OPE","> Actifs> Porte-monnaie","> Actifs> Comptes chèques> Amen","NON",""
"08/05/2013","190.00","ENC 0002 CHQ 07.05","remboursement abonnement (andr","","> Dépenses> Logement> Autres","> Actifs> Comptes chèques> Amen","NON",""
"07/05/2013","-1.40","CION ENC/ 0000002 CHQ 0615","","0000002","> Dépenses> Banque> Frais banquaires","> Actifs> Comptes chèques> Amen","NON",""
"07/05/2013","-0.25","TVA SUR CION ENCAISSEMENT","","0000002","> Dépenses> Banque> Frais banquaires","> Actifs> Comptes chèques> Amen","NON",""
"06/05/2013","1000.00","ENC 0002 CHQ 29.07","azouz (moon: economie)","","> Dépenses> Avances","> Actifs> Comptes chèques> Amen","NON",""
"06/05/2013","1000.00","ENC 0002 CHQ 09.07","azouz (moon: economie)","","> Dépenses> Avances","> Actifs> Comptes chèques> Amen","NON",""
"06/05/2013","-3000.00","CHQ 2223380 FAV ABDELAZIZ OU JOELLE","azouz","2223380","> Dépenses> Avances","> Actifs> Comptes chèques> Amen","NON",""
"06/05/2013","-70.00","CHQ 2223378 FAV GRATI FETHI REST GHA","","2223378","> Dépenses> Loisirs> Bar","> Actifs> Comptes chèques> Amen","NON",""
"02/05/2013","-5.00","RECH TN USSD 01.05.13 23302563","","3302563","> Dépenses> Quotidien> Communications> Portable","> Actifs> Comptes chèques> Amen","NON",""
"29/04/2013","-192.00","CHQ 2223377 FAV STE BLUE MOTORS  SAR","60000 - vidange & filtres","2223377","> Dépenses> Auto> Entretien","> Actifs> Comptes chèques> Amen","NON",""
"29/04/2013","-5.00","RECH TN USSD 29.04.13 23302563","","3302563","> Dépenses> Quotidien> Communications> Portable","> Actifs> Comptes chèques> Amen","NON",""
"29/04/2013","-3.00","CION  AMENNET P1 04/13","","T P1 04","> Dépenses> Banque> Frais banquaires","> Actifs> Comptes chèques> Amen","NON",""
"29/04/2013","-1.18","CION / VIRT RECU","","","> Dépenses> Banque> Frais banquaires","> Actifs> Comptes chèques> Amen","NON",""
"29/04/2013","-0.54","TVA SUR AMENNET P1 04/13","","NET P1","> Dépenses> Banque> Frais banquaires","> Actifs> Comptes chèques> Amen","NON",""
"29/04/2013","5672.90","VIR O/ ST MICRO ELECTRONICS S.A      HAMZ","","","> Revenus> Salaires","> Actifs> Comptes chèques> Amen","NON",""
"24/04/2013","-80.00","CION SUR CARTE TTC","","TE TTC","> Dépenses> Banque> Frais banquaires","> Actifs> Comptes chèques> Amen","NON",""
"18/04/2013","-15.00","CION SUR CARTE TTC","","TE TTC","> Dépenses> Banque> Frais banquaires","> Actifs> Comptes chèques> Amen","NON",""
"18/04/2013","-5.00","RECH TN USSD 18.04.13 23302563","","3302563","> Dépenses> Quotidien> Communications> Portable","> Actifs> Comptes chèques> Amen","NON",""
"11/04/2013","-5.00","RECH TN USSD 11.04.13 23302563","","3302563","> Dépenses> Quotidien> Communications> Portable","> Actifs> Comptes chèques> Amen","NON",""
"08/04/2013","-10.41","INTERET AU  31/03/13","","31/03/1","> Dépenses> Banque> Frais banquaires","> Actifs> Comptes chèques> Amen","NON",""
"01/04/2013","-11.80","FRAIS TENUE COMPTE AU 31/03/2013","","COMPTE","> Dépenses> Banque> AGIOS","> Actifs> Comptes chèques> Amen","NON",""
"01/04/2013","-5.00","RECH TN USSD 30.03.13 23302563","","3302563","> Dépenses> Quotidien> Communications> Portable","> Actifs> Comptes chèques> Amen","NON",""
"01/04/2013","-5.00","RECH TN USSD 31.03.13 23302563","","3302563","> Dépenses> Quotidien> Communications> Portable","> Actifs> Comptes chèques> Amen","NON",""
"28/03/2013","-5.00","RECH TN USSD 28.03.13 23302563","","3302563","> Dépenses> Quotidien> Communications> Portable","> Actifs> Comptes chèques> Amen","NON",""
"28/03/2013","-1.18","CION / VIRT RECU","","","> Dépenses> Banque> Frais banquaires","> Actifs> Comptes chèques> Amen","NON",""
"28/03/2013","1506.04","VIR O/ ST MICRO ELECTRONICS S.A      HAMZ","","","> Revenus> Salaires","> Actifs> Comptes chèques> Amen","NON",""
"11/03/2013","-8000.00","CHQ 3422105 FAV SASSI HELA (remboursée le 21-08-2013)","halloula: emprunt pour enregis","3422105","> Dépenses> Avances","> Actifs> Comptes chèques> Amen","NON",""
